"model","case","R_setting","Var_a_setting","MSPE_mean","rank","selected_K_mean","group_ARI_mean","n"
"RI",1,10,0.5,10.582214533923,7,3.62,3.54577141555138e-05,50
"RI",1,10,2.25,12.2765389936062,7,3.64,9.03621969813429e-05,50
"RI",1,20,0.5,10.6300880896416,7,3.68,-2.10750939444491e-05,50
"RI",1,20,2.25,12.4819046268938,7,3.7,8.13818034128722e-06,50
"RI",1,50,0.5,10.5872525178116,7,3.54,-3.46292719105661e-05,50
"RI",1,50,2.25,12.4252443084051,7,3.36,-2.65575754373852e-06,50
"RI",2,10,0.5,9.47473257736431,7,5.36,0.000125719503355587,50
"RI",2,10,2.25,10.999423253013,7,5.18,-5.4245486370439e-05,50
"RI",2,20,0.5,9.51460035799916,7,4.54,-2.07591755080937e-05,50
"RI",2,20,2.25,11.1610917770491,7,4.82,-9.15321740977142e-05,50
"RI",2,50,0.5,9.51052202900703,7,5.08,-4.8023326961557e-05,50
"RI",2,50,2.25,11.1893578584907,7,3.86,-6.73793918533146e-05,50
"RI",3,10,0.5,10.6909519105892,7,5.74,0.128317434345574,50
"RI",3,10,2.25,11.9300201926267,7,5.32,0.138370635613092,50
"RI",3,20,0.5,10.6121415514746,7,6.48,0.154061170825128,50
"RI",3,20,2.25,12.1529418401148,7,6.86,0.153267706198208,50
"RI",3,50,0.5,9.90485212214805,7,5.52,0.110936369736076,50
"RI",3,50,2.25,11.3902127773258,7,5.2,0.113533702606628,50
"RI",4,10,0.5,9.39808726866787,5,4.62,0.210791002056585,50
"RI",4,10,2.25,10.6122217224877,5,4.98,0.206104628635024,50
"RI",4,20,0.5,9.42168085708853,5,5,0.211519433238694,50
"RI",4,20,2.25,10.7502219458394,5,5.02,0.217096750113894,50
"RI",4,50,0.5,9.45880911185757,6,4.88,0.139667043601235,50
"RI",5,10,0.5,9.51707721826789,7,5.1,-3.32250273687297e-05,50
"RI",5,10,2.25,11.0467834914683,7,5.18,-5.48648247374912e-05,50
"RI",5,20,0.5,9.56001259530862,7,4.88,-0.000100747510322847,50
"RI",5,20,2.25,11.2121049300759,7,5.26,-1.15014599424669e-05,50
"RI",6,10,0.5,10.6248275064264,7,3.32,-9.78424664629895e-05,50
"RI",6,10,2.25,12.3525451214024,7,3.52,-7.75966580744897e-05,50
"RI",6,20,0.5,10.6630659602145,7,3.34,-9.30008527801827e-05,50
"RI",6,20,2.25,12.5444060006269,7,3.48,-0.000191846096394402,50
"RI",7,10,0.5,9.61423649294704,7,5.56,-3.04560358094345e-06,50
"RI",7,10,2.25,11.1608293607901,7,5.56,-0.000103694594112692,50
"RI",7,20,0.5,9.62360480696853,7,5.28,1.28935091412453e-05,50
"RI",7,20,2.25,11.2839916021785,7,5.46,0.000128297547514305,50
"RI",7,50,0.5,9.63390435360264,7,4.66,-9.26315994072883e-06,50
"RI",8,10,0.5,9.61306704488701,7,5.08,0.000132344732209745,50
"RI",8,10,2.25,11.1265190468231,7,4.98,9.7134157321412e-05,50
"RI",8,20,0.5,9.60047657141145,7,3.98,-1.28628693560224e-05,50
"RI",8,20,2.25,11.2792559459451,7,4.08,-7.18626908505583e-05,50
"RI",8,50,0.5,9.57898598338438,7,5.06,1.45841838435657e-05,50
"RI",8,50,2.25,11.2802225100963,7,3.78,-5.88169523576188e-05,50
"RI",9,10,0.5,9.88589876536872,7,4.84,-0.000114508160673207,50
"RI",9,10,2.25,11.5599058687777,7,4.3,9.35775900654174e-06,50
"RI",9,20,0.5,10.0368154476801,7,5.6,-0.00010895764677167,50
"RI",9,20,2.25,11.7998712043481,7,5.64,-9.13636893913377e-05,50
"RI",9,50,0.5,10.0140012634425,7,4.82,-5.82412285663122e-06,50
"RI",9,50,2.25,11.6778942731555,7,5.06,5.43924605029115e-05,50
"RS",1,10,0.5,12.0706739331185,7,3.2,0.00013438134138278,50
"RS",1,10,2.25,13.9193786342818,7,3.58,7.82587166866983e-06,50
"RS",1,20,0.5,12.3905404720492,7,3.6,-2.04389785384808e-05,50
"RS",1,20,2.25,14.1897097369068,7,3.3,4.49746729620605e-05,50
"RS",1,50,0.5,12.4380690101074,7,3.52,-6.27688504448279e-05,50
"RS",1,50,2.25,14.2904923502073,7,3.62,9.75335208782144e-06,50
"RS",2,10,0.5,13.7349967069963,7,4.74,4.68241990981264e-05,50
"RS",2,10,2.25,15.286257170766,7,5.78,3.13841162824739e-05,50
"RS",2,20,0.5,14.1419580062697,7,4.72,-0.000100642557911689,50
"RS",2,20,2.25,15.8151831822792,7,5.1,7.06934202823608e-05,50
"RS",2,50,0.5,14.3573298972723,7,5.06,3.28344753700572e-05,50
"RS",3,10,0.5,12.6108962666319,7,6.18,0.124575292997957,50
"RS",3,10,2.25,13.9074837665383,7,5.66,0.132109219957245,50
"RS",3,20,0.5,12.4379821981001,7,6.16,0.153576241145111,50
"RS",3,20,2.25,14.0609610264974,7,6.54,0.159899430757963,50
"RS",3,50,0.5,15.7995358942153,7,4.62,0.112658330419141,50
"RS",3,50,2.25,17.587651928683,7,5.44,0.115474876462372,50
"RS",4,10,0.5,18.2727615563258,4,4.56,0.217656789636612,50
"RS",4,10,2.25,19.6969595688124,4,4.48,0.220294826014187,50
"RS",4,20,0.5,17.8262956257072,5,5.12,0.230556988060742,50
"RS",4,20,2.25,19.1838800802653,5,5.26,0.238252552178702,50
"RS",4,50,0.5,79.2426471528626,5,7.38,0.190664525663589,50
"RS",5,10,0.5,14.9216908755414,7,4.66,1.36245304264081e-05,50
"RS",5,10,2.25,16.4708186790528,7,4.4,9.3280590034361e-06,50
"RS",5,20,0.5,15.3539634655,7,4.56,1.36423697629342e-05,50
"RS",6,10,0.5,18.0547293239247,7,3.18,-8.62891793482125e-06,50
"RS",6,10,2.25,19.4780600716419,7,3.4,-1.81352916374431e-05,50
"RS",6,20,0.5,17.8783888701976,7,3.38,-4.30520488510786e-05,50
"RS",7,10,0.5,32.841958037993,7,5.66,0.000225497434647348,50
"RS",7,10,2.25,34.807366034686,7,5.06,8.4792114477615e-05,50
"RS",7,20,0.5,31.8151319226948,7,5.16,1.72009311792382e-05,50
"RS",7,20,2.25,33.8804555359196,7,5.26,-9.28625022216276e-05,50
"RS",8,10,0.5,23.8597683427668,7,2.86,-9.23324475762419e-05,50
"RS",8,10,2.25,25.0284155660724,7,3.94,-0.000316580151167059,50
"RS",8,20,0.5,23.6914776780224,7,3.28,8.55940052541957e-05,50
"RS",8,20,2.25,25.1920279017593,7,3.52,-9.19624034496116e-06,50
"RS",8,50,0.5,25.179571145939,7,3.6,-1.59505625934796e-08,50
"RS",8,50,2.25,26.9383845190563,7,3.58,6.12554819663507e-05,50
"RS",9,10,0.5,18.6912805059254,7,4.74,-0.000105914073264594,50
"RS",9,10,2.25,20.252556120615,7,4.76,2.82099550160402e-05,50
"RS",9,20,0.5,19.1783696322674,7,6.2,3.46210484614773e-05,50
"RS",9,20,2.25,20.9208915226355,7,5.6,-8.91912006891572e-05,50
