"model","case","R_setting","Var_a_setting","MSPE_mean.BLM","MSPE_MCSE.BLM","selected_K_mean.BLM","group_ARI_mean.BLM","convergence_rate.BLM","MSPE_mean.CIRG","MSPE_MCSE.CIRG","selected_K_mean.CIRG","group_ARI_mean.CIRG","convergence_rate.CIRG","MSPE_mean.CPF","MSPE_MCSE.CPF","selected_K_mean.CPF","group_ARI_mean.CPF","convergence_rate.CPF","MSPE_mean.KM","MSPE_MCSE.KM","selected_K_mean.KM","group_ARI_mean.KM","convergence_rate.KM","MSPE_mean.LM","MSPE_MCSE.LM","selected_K_mean.LM","group_ARI_mean.LM","convergence_rate.LM","MSPE_mean.OBS","MSPE_MCSE.OBS","selected_K_mean.OBS","group_ARI_mean.OBS","convergence_rate.OBS","MSPE_mean.ORACLE","MSPE_MCSE.ORACLE","selected_K_mean.ORACLE","group_ARI_mean.ORACLE","convergence_rate.ORACLE","CIRG_minus_OBS","CIRG_pct_over_OBS","CIRG_minus_KM","CIRG_pct_over_KM","CIRG_minus_CPF","CIRG_pct_over_CPF","CIRG_minus_ORACLE","CIRG_pct_over_ORACLE"
"RI",1,10,0.5,9.22732142908481,0.0371791946806173,6,0.404854712628518,1,10.582214533923,0.0720897408897661,3.62,3.54577141555138e-05,1,9.22527517164524,0.0372078918453405,9.38,0.553461824817184,1,9.46283674933653,0.0483838713015387,2,7.58728112981664e-05,1,9.4628369869807,0.0483828565700568,1,NA,1,9.22521672489091,0.0372019550855437,10,0.574747545000269,1,9.03875028399534,0.0320347348471533,10,1,1,1.35699780903209,14.7096577728166,1.11937778458647,11.8291989414797,1.35693936227776,14.7089310294878,1.54346424992766,17.0760802260533
"RI",1,10,2.25,9.89272572421461,0.0711506998563096,6,0.398232206163362,1,12.2765389936062,0.170371614049307,3.64,9.03621969813429e-05,1,9.88688641395194,0.0706523900845106,9.32,0.558312195235243,1,10.9852939059542,0.142068141618071,2,7.58728112981664e-05,1,10.985290480817,0.142068382732352,1,NA,1,9.88687578380326,0.0706693239272016,10,0.574747545000269,1,9.03874649446523,0.0320993264512902,10,1,1,2.38966320980294,24.1700539387549,1.291245087652,11.7543062452988,2.38965257965426,24.1699204340214,3.23779249914097,35.8212557584572
"RI",1,20,0.5,9.25371931211082,0.0333118739103075,7,0.258998968733212,1,10.6300880896416,0.0689060782181361,3.68,-2.10750939444491e-05,1,9.251451201657,0.0332256113994771,14.04,0.45485643641646,1,9.49822572190326,0.0406029183679135,2,2.69560668569231e-05,1,9.49824157151595,0.0406050380430249,1,NA,1,9.25115730562215,0.0332874191138664,20,0.569457397804223,1,9.04883707513623,0.0317946104467421,20,1,1,1.37893078401945,14.9054949393352,1.13186236773834,11.9165663238369,1.3786368879846,14.9018446720843,1.58125101450537,17.474632390611
"RI",1,20,2.25,9.98895583724067,0.0552918036727018,7,0.273225676477573,1,12.4819046268938,0.134754194555798,3.7,8.13818034128722e-06,1,9.97535517694623,0.0546477564511553,14.84,0.479300666649296,1,11.1456137770717,0.108652703638004,2,2.69560668569231e-05,1,11.145631444129,0.1086542890349,1,NA,1,9.97436349495871,0.0546637114870415,20,0.569457397804223,1,9.0501502920946,0.0318525031035055,20,1,1,2.50754113193509,25.1398611370286,1.3362908498221,11.9893877228283,2.50654944994757,25.127420582882,3.4317543347992,37.9193076804136
"RI",1,50,0.5,9.29148938799929,0.0326929976627875,9.98,0.178972470518683,1,10.5872525178116,0.0537518120961161,3.54,-3.46292719105661e-05,1,9.38493946018561,0.0329950496621914,5.54,0.0205461678677618,1,9.50852258428351,0.0346554504038224,2,-2.79458370165056e-05,1,9.50849889581125,0.0346565974576858,1,NA,1,9.28248717865661,0.0325991367387524,50,0.565009465732287,1,9.07470243051699,0.0317995411869531,50,1,1,1.30476533915499,14.0562040543946,1.07872993352809,11.3448742847927,1.20231305762599,12.8110901804604,1.51255008729461,16.6677651292246
"RI",1,50,2.25,10.0485923203665,0.0442228724703064,10,0.177928757394788,1,12.4252443084051,0.0963375505086763,3.36,-2.65575754373852e-06,1,10.4833922320733,0.0568270616549973,6.92,0.0266771147741336,1,11.1834379655086,0.0768419664788077,2,-2.79458370165056e-05,1,11.183455371768,0.0768482099565784,1,NA,1,10.0330576498669,0.0438949782771448,50,0.565009465732287,1,9.08065674887569,0.0318610986550322,50,1,1,2.3921866585382,23.8430470751849,1.2418063428965,11.1039766727049,1.9418520763318,18.5231271838787,3.34458755952941,36.8320007244357
"RI",2,10,0.5,9.2313377726354,0.0377889031694281,6,0.399137388511064,1,9.47473257736431,0.0485951978702494,5.36,0.000125719503355587,1,9.22949328932704,0.03774583496881,9.42,0.553823776604325,1,9.46663568447478,0.0486532404584046,2,-3.44449317043508e-05,1,9.46672734761315,0.0486533689122624,1,NA,1,9.22943331011517,0.0377359486431459,10,0.574747545000269,1,9.04252606733501,0.0325964865006661,10,1,1,0.245299267249141,2.65779337698124,0.0080968928895313,0.0855308386147113,0.24523928803727,2.65712624029819,0.432206510029301,4.77970985995377
"RI",2,10,2.25,9.89611111139192,0.0712579322757163,6,0.400042200757435,1,10.999423253013,0.142687548753026,5.18,-5.4245486370439e-05,1,9.89077297737984,0.0707917921270002,9.42,0.563122089297481,1,10.9888127116183,0.142214191667908,2,-3.44449317043508e-05,1,10.9889488324494,0.142201914902467,1,NA,1,9.89102031290091,0.0708137060311298,10,0.574747545000269,1,9.0425240885082,0.0326598039417984,10,1,1,1.10840294011209,11.2061537136507,0.0106105413946995,0.0965576689052172,1.10865027563316,11.2089346117704,1.9568991645048,21.6410721757628
"RI",2,20,0.5,9.25891092808706,0.0330861858669286,7,0.262893231356436,1,9.51460035799916,0.0402933578714779,4.54,-2.07591755080937e-05,1,9.25671198701342,0.0330714072527208,14.06,0.448148504906819,1,9.50465642313264,0.0406909772996644,2,4.67707630030526e-05,1,9.50462303742796,0.040689516678842,1,NA,1,9.25622024173018,0.0331304337267284,20,0.569457397804223,1,9.05596925936307,0.0316050774922108,20,1,1,0.258380116268981,2.79142143900288,0.00994393486652001,0.104621718280296,0.257888370985741,2.78596083952425,0.45863109863609,5.06440653121594
"RI",2,20,2.25,9.98814242745899,0.0554309186414253,7,0.274521446264052,1,11.1610917770491,0.107852138049715,4.82,-9.15321740977142e-05,1,9.97770967733556,0.0547233889693734,14.78,0.48010995120316,1,11.1515266333004,0.107928887051435,2,4.67707630030526e-05,1,11.1514916816005,0.10793037338688,1,NA,1,9.9768443912245,0.0546769969299674,20,0.569457397804223,1,9.05731000249497,0.0316768842086939,20,1,1,1.1842473858246,11.8699594720175,0.00956514374870032,0.0857742985622911,1.18338209971354,11.860257894671,2.10378177455413,23.2274458307667
"RI",2,50,0.5,9.28196930343799,0.0329106646935825,9.98,0.177167103232089,1,9.51052202900703,0.034997902403912,5.08,-4.8023326961557e-05,1,9.38063989648145,0.0331533994069844,5.66,0.0206826410309802,1,9.50374811821913,0.0346823686151528,2,-1.78764528578213e-05,1,9.50395324998139,0.0346722152211903,1,NA,1,9.27434273160494,0.0328645786895207,50,0.565009465732287,1,9.0669508978136,0.0319616777007903,50,1,1,0.23617929740209,2.54658798188732,0.00677391078789924,0.0712762028584724,0.12988213252558,1.38457646769168,0.44357113119343,4.89217528795036
"RI",2,50,2.25,10.0404301940249,0.0444026232647535,9.98,0.17987727847918,1,11.1893578584907,0.0772065477135914,3.86,-6.73793918533146e-05,1,10.4797566513226,0.0567958195816252,6.96,0.0273794792733664,1,11.1843870031891,0.077049667345659,2,-1.78764528578213e-05,1,11.1844012601012,0.0770546671382938,1,NA,1,10.0251023917069,0.0443794636810493,50,0.565009465732287,1,9.07295258796994,0.0320723774614948,50,1,1,1.1642554667838,11.6134022506035,0.00497085530160035,0.0444445931653048,0.709601207168101,6.77116111354117,2.11640527052076,23.3265329009539
"RI",3,10,0.5,9.20830363100737,0.0373690210323278,5.98,0.394869283660901,1,10.6909519105892,0.133768287599061,5.74,0.128317434345574,1,9.2078856012291,0.0373675038462315,9.14,0.543270850554468,1,9.4133006016959,0.0470434342991297,2,0.164496064048899,1,9.41796196928855,0.0471829842887909,1,NA,1,9.20799522004238,0.037357263023213,10,0.574747545000269,1,9.03849495125629,0.032060952240366,10,1,1,1.48295669054682,16.1050983966518,1.2776513088933,13.5728302213479,1.4830663093601,16.1064806144218,1.65245695933291,18.2824349434773
"RI",3,10,2.25,9.81894704655647,0.0685862923168007,6,0.400948906846352,1,11.9300201926267,0.193177102967543,5.32,0.138370635613092,1,9.81590590464746,0.0682516637849693,9.44,0.553903778007164,1,10.7558981161224,0.1333415069988,2,0.164496064048899,1,10.7862982549257,0.134608189046547,1,NA,1,9.81586147660382,0.0682491005215701,10,0.574747545000269,1,9.03869734536467,0.032102686625346,10,1,1,2.11415871602288,21.5381881769827,1.1741220765043,10.9160765919153,2.11411428797924,21.5376380796222,2.89132284726203,31.9882692913132
"RI",3,20,0.5,9.24048942805381,0.0325232681412219,7,0.264054751327871,1,10.6121415514746,0.159628347046135,6.48,0.154061170825128,1,9.23996570800959,0.0324692354336417,13.96,0.451612481025299,1,9.45430658126445,0.0385303679901523,2,0.112901521714825,1,9.46655489941832,0.0385573988540382,1,NA,1,9.23994842285212,0.0325151251483187,20,0.569457397804223,1,9.04862929806359,0.0316935552227563,20,1,1,1.37219312862248,14.8506578806088,1.15783497021015,12.2466408324924,1.37217584346501,14.8504430300596,1.56351225341101,17.2789955462713
"RI",3,20,2.25,9.93047859121962,0.0520485024464042,6.98,0.267789309583059,1,12.1529418401148,0.209843306734735,6.86,0.153267706198208,1,9.92494765882045,0.0521854094120478,14.84,0.473195957395143,1,10.9417973291796,0.0982904432248544,2,0.112901521714825,1,11.0048832485736,0.100649058350134,1,NA,1,9.9210430306808,0.0518430266527682,20,0.569457397804223,1,9.05016286564151,0.0318102449209346,20,1,1,2.231898809434,22.4966145447798,1.2111445109352,11.0689722583813,2.22799418129435,22.4484224792289,3.10277897447329,34.2842335606228
"RI",3,50,0.5,9.28578263110354,0.032661461842983,9.98,0.176119055892112,1,9.90485212214805,0.136162646035453,5.52,0.110936369736076,1,9.38394800428541,0.0322932272403546,5.36,0.0185148860892986,1,9.48125469998678,0.0338249181230435,3.86,0.131499638528004,1,9.49683597033624,0.0343810157945507,1,NA,1,9.27843976814111,0.0323411372606573,50,0.565009465732287,1,9.07469057217116,0.0316629863876355,50,1,1,0.62641235400694,6.75126820521936,0.42359742216127,4.46773592277676,0.52090411786264,5.55101240570341,0.830161549976889,9.1480975948943
"RI",3,50,2.25,10.0249722587117,0.0430088763310134,9.98,0.181116230583945,1,11.3902127773258,0.139962626881107,5.2,0.113533702606628,1,10.4454123029546,0.0529295113399608,7.02,0.0276003650601804,1,11.0327786976608,0.0737977469066855,3.86,0.131499638528004,1,11.1298600682382,0.0759194080579412,1,NA,1,10.01336980619,0.043106086786082,50,0.565009465732287,1,9.08069746884585,0.0317378882096297,50,1,1,1.3768429711358,13.7500461661235,0.357434079665,3.23974666274041,0.944800474371201,9.04512380142193,2.30951530847995,25.4332369997289
"RI",4,10,0.5,9.21117630944433,0.0381911642366098,5.98,0.395787750616958,1,9.39808726866787,0.0473085194864204,4.62,0.210791002056585,1,9.21030279150401,0.038141126198938,9.18,0.553016419967091,1,9.4005021426355,0.0473324845768779,2.18,0.21672475367857,1,9.41847935902181,0.0477611145621359,1,NA,1,9.21049079720135,0.0381231279405589,10,0.574747545000269,1,9.04248708896538,0.03262488212732,10,1,1,0.18759647146652,2.03676954461018,-0.00241487396762885,-0.0256887763120273,0.187784477163861,2.03885237450696,0.35560017970249,3.93254838192063
"RI",4,10,2.25,9.81446732870201,0.0693670179643375,5.98,0.399355530045405,1,10.6122217224877,0.127461077307548,4.98,0.206104628635024,1,9.80845029091981,0.0691116293742506,9.18,0.545322352355962,1,10.6835833474493,0.129584683035658,2.18,0.21672475367857,1,10.7706287811694,0.135302850329338,1,NA,1,9.80837259770322,0.0691351662694124,10,0.574747545000269,1,9.04259483453897,0.0326635744765491,10,1,1,0.803849124784479,8.19554025682827,-0.0713616249616003,-0.667955896825922,0.80377143156789,8.19468323463883,1.56962688794873,17.3581468225625
"RI",4,20,0.5,9.24603836602757,0.0326462466815464,7,0.266281107234491,1,9.42168085708853,0.0377602599282798,5,0.211519433238694,1,9.24508821071174,0.0327037967125609,13.8,0.460115408292462,1,9.42738375323887,0.037724095652893,3.6,0.251844190478164,1,9.47300884394132,0.0389917623799292,1,NA,1,9.24503651118609,0.0327027532698448,20,0.569457397804223,1,9.0560682543356,0.0315479971664635,20,1,1,0.17664434590244,1.91069387004268,-0.00570289615033914,-0.0604928822206863,0.17659264637679,1.91012397450336,0.365612602752931,4.03721121004021
"RI",4,20,2.25,9.92920099857309,0.0522186111461932,6.96,0.267915133983572,1,10.7502219458394,0.0955108690681718,5.02,0.217096750113894,1,9.92388496138554,0.0526557900729623,14.72,0.470033318664347,1,10.7952634680089,0.0937736613383878,3.6,0.251844190478164,1,11.0078492460018,0.100178200728487,1,NA,1,9.92089429106227,0.0523814905068679,20,0.569457397804223,1,9.0572491862005,0.0316365022972853,20,1,1,0.82932765477713,8.3594042073835,-0.0450415221695,-0.417234116638077,0.82633698445386,8.32674892614322,1.6929727596389,18.6919088217015
"RI",4,50,0.5,9.27534445532008,0.0326632005196644,9.94,0.174568397720318,1,9.45880911185757,0.033147757535395,4.88,0.139667043601235,1,9.37379659736872,0.0326629844586555,5.56,0.0185619867253366,1,9.45066214009256,0.0327937097010082,6.2,0.223064338111545,1,9.48978488829736,0.0343110336591379,1,NA,1,9.26826946254884,0.0324004363260246,50,0.565009465732287,1,9.06553747464964,0.0317528535134588,50,1,1,0.190539649308731,2.05582768259664,0.00814697176501156,0.0862053012185227,0.0850125144888505,0.906916569031524,0.393271637207931,4.33809510255354
"RI",5,10,0.5,9.22723620177499,0.0354320257195638,6,0.403660007735576,1,9.51707721826789,0.0474529706659837,5.1,-3.32250273687297e-05,1,9.225436730153,0.0354207494083874,9.34,0.552885190239966,1,9.46086795865302,0.0468834668133855,2,-3.45254366912629e-05,1,9.46135452319287,0.0469292308594707,1,NA,1,9.22547225072141,0.0353938708080149,10,0.574747545000269,1,9.03899640723303,0.0300649162529877,10,1,1,0.29160496754648,3.16086764581267,0.0562092596148691,0.5941237089506,0.29164048811489,3.16126484464061,0.478080811034859,5.28909172540768
"RI",5,10,2.25,9.89463465131746,0.070041631877465,6,0.400434959256162,1,11.0467834914683,0.141378462472143,5.18,-5.48648247374912e-05,1,9.88637280695249,0.0695270330352736,9.34,0.557858058922829,1,10.9805892346338,0.141121627492364,2,-3.45254366912629e-05,1,10.9811345411418,0.141219566258767,1,NA,1,9.88650469201574,0.0695352619556008,10,0.574747545000269,1,9.03904012463103,0.0301315147854498,10,1,1,1.16027879945256,11.7359859282684,0.0661942568344998,0.602829733633214,1.16041068451581,11.7374764959274,2.00774336683727,22.2119089986806
"RI",5,20,0.5,9.25289373143821,0.0342893141917105,6.98,0.258286205436774,1,9.56001259530862,0.0409428846411217,4.88,-0.000100747510322847,1,9.25099033144076,0.0342399971760413,13.98,0.438036292386305,1,9.49719197233595,0.0416077254691407,2,2.62899722809749e-05,1,9.49711858598847,0.0416390852876291,1,NA,1,9.25042531756507,0.0342755565586165,20,0.569457397804223,1,9.04945641268914,0.032642070984532,20,1,1,0.309587277743551,3.34673560528829,0.0628206229726711,0.66146523262518,0.30902226386786,3.34042359570526,0.51055618261948,5.64184365707954
"RI",5,20,2.25,9.98466650650918,0.0558834965600432,6.98,0.272217489607333,1,11.2121049300759,0.112323383690961,5.26,-1.15014599424669e-05,1,9.9738204362788,0.0557572508877835,14.92,0.481928079018232,1,11.1425005947027,0.108855086944151,2,2.62899722809749e-05,1,11.1424020549469,0.108879253235632,1,NA,1,9.97225260625214,0.0556430990495949,20,0.569457397804223,1,9.05081151163021,0.0327044350199183,20,1,1,1.23985232382376,12.43302163291,0.0696043353732012,0.624674280082993,1.2382844937971,12.4153477767954,2.16129341844569,23.8795539567745
"RI",6,10,0.5,9.23457785011857,0.0375256718204869,6,0.401167783666277,1,10.6248275064264,0.0597523634605567,3.32,-9.78424664629895e-05,1,9.23249941607377,0.0374737743787021,9.32,0.554427351483598,1,9.47008395839754,0.0483849961483536,2,-3.19352513121669e-05,1,9.46979433211142,0.0484369434151174,1,NA,1,9.23247954072268,0.0374613715168123,10,0.574747545000269,1,9.04589368175435,0.0322197881605103,10,1,1,1.39234796570372,15.080975371376,1.15474354802886,12.1935935637075,1.39232809035263,15.0807276297098,1.57893382467205,17.4547024342854
"RI",6,10,2.25,9.89896768827215,0.071195140420559,6,0.402339321533133,1,12.3525451214024,0.156556869590432,3.52,-7.75966580744897e-05,1,9.89361525615079,0.070731720600723,9.44,0.563885409843564,1,10.9920491865325,0.142080661544034,2,-3.19352513121669e-05,1,10.991671272427,0.142116380943249,1,NA,1,9.89379809864458,0.0707595745049548,10,0.574747545000269,1,9.04590419186736,0.0322775889467999,10,1,1,2.45874702275782,24.8513967865855,1.3604959348699,12.3770910390101,2.45892986525161,24.8537041474592,3.30664092953504,36.554012284453
"RI",6,20,0.5,9.25692050789075,0.0334385166114018,7,0.265336689211245,1,10.6630659602145,0.0577295126630663,3.34,-9.30008527801827e-05,1,9.25445381043614,0.033442345144503,14.16,0.44715125662477,1,9.50197415226232,0.0409570306387883,2,-3.64158279821584e-05,1,9.50181493520706,0.0409523026941077,1,NA,1,9.25415343743742,0.0334468660337951,20,0.569457397804223,1,9.05334604401513,0.0317278141187536,20,1,1,1.40891252277708,15.2246505561207,1.16109180795218,12.2194797559593,1.40861214977836,15.2209106948039,1.60971991619937,17.7803864822278
"RI",6,20,2.25,9.9883387972426,0.0557805134318955,6.98,0.272077658773694,1,12.5444060006269,0.127286594770614,3.48,-0.000191846096394402,1,9.976580072899,0.0553930410288642,14.84,0.479408744384164,1,11.148893081739,0.10827246983853,2,-3.64158279821584e-05,1,11.1488380535178,0.108269312112807,1,NA,1,9.97547624379108,0.0552464231337604,20,0.569457397804223,1,9.05468007880022,0.0318045708203615,20,1,1,2.56892975683582,25.7524522544452,1.3955129188879,12.5170535644802,2.5678259277279,25.738538747394,3.48972592182668,38.5405767123368
"RI",7,10,0.5,9.22588733324525,0.0382400101260698,6,0.393964876804909,1,9.61423649294704,0.053114287965308,5.56,-3.04560358094345e-06,1,9.22434979202365,0.0383081869458373,9.42,0.557647467370517,1,9.46068910139943,0.0491090822743126,2,-6.83327115621782e-05,1,9.46068929436731,0.0491090812564218,1,NA,1,9.22439397321581,0.038289466538995,10,0.574747545000269,1,9.03667154847584,0.0330178038215214,10,1,1,0.38984251973123,4.22621280989501,0.15354739154761,1.62300430657738,0.389886700923389,4.22671201454792,0.577564944471199,6.39134598809905
"RI",7,10,2.25,9.89403407693835,0.0721621461620436,6,0.397994360772064,1,11.1608293607901,0.149254209445235,5.56,-0.000103694594112692,1,9.88695029720165,0.0717275593173738,9.38,0.561052779447045,1,10.9818854544003,0.142359901976446,2,-6.83327115621782e-05,1,10.9818856139904,0.142359871782264,1,NA,1,9.88698852093803,0.0717429760784418,10,0.574747545000269,1,9.03671041461009,0.0330765702628954,10,1,1,1.27384083985207,12.8840125297446,0.178943906389799,1.62944611954678,1.27387906358845,12.8844489483173,2.12411894618001,23.5054444452026
"RI",7,20,0.5,9.25373377721966,0.0327619873144292,7,0.262343709904927,1,9.62360480696853,0.0491553394574143,5.28,1.28935091412453e-05,1,9.2500345557037,0.0325539877673626,14.16,0.451471515680272,1,9.49643082669358,0.0400900442856346,2,3.69043865776498e-06,1,9.49643081593734,0.0400900693800696,1,NA,1,9.24999706882349,0.0326931307596069,20,0.569457397804223,1,9.04815674467664,0.0310502693419794,20,1,1,0.37360773814504,4.03900385443645,0.12717398027495,1.33917660851566,0.37357025126483,4.03858222383051,0.575448062291889,6.35983746225932
"RI",7,20,2.25,9.98520149949514,0.0555755956382686,7,0.272395273171415,1,11.2839916021785,0.11108398058333,5.46,0.000128297547514305,1,9.97420342945177,0.0547796029088301,15.02,0.483039023744578,1,11.1431687441982,0.107775342060168,2,3.69043865776498e-06,1,11.1431687534444,0.107775382197576,1,NA,1,9.97266089317403,0.054670350455052,20,0.569457397804223,1,9.04953377594189,0.0311275345373414,20,1,1,1.31133070900447,13.1492559814405,0.1408228579803,1.26375953925693,1.30978817272673,13.1317571572602,2.23445782623661,24.6914137408592
"RI",7,50,0.5,9.29622539347984,0.0328764020864539,10,0.180895314264681,1,9.63390435360264,0.0426708492107981,4.66,-9.26315994072883e-06,1,9.39206950496006,0.0334661629849149,5.52,0.0198629259129706,1,9.51489586978099,0.0351456195605544,2,-5.29399019563174e-05,1,9.51489614190141,0.0351456142284419,1,NA,1,9.285602139051,0.032853225405903,50,0.565009465732287,1,9.07670493974618,0.0318784758971286,50,1,1,0.348302214551639,3.75099222792283,0.11900848382165,1.2507597082551,0.241834848642579,2.57488350692958,0.557199413856459,6.13878513794721
"RI",8,10,0.5,9.31270935466197,0.0369438794262836,6,0.399137388511064,1,9.61306704488701,0.0549567247270313,5.08,0.000132344732209745,1,9.31098035990759,0.0370185071279124,9.42,0.553823776604325,1,9.558427625507,0.0473366725270425,2,1.15440349267755e-05,1,9.55375978873395,0.0473413577916528,1,NA,1,9.31089773842148,0.0370198939144143,10,0.574747545000269,1,9.12207367356149,0.032397963086095,10,1,1,0.302169306465531,3.24532945108642,0.0546394193800097,0.571636063176362,0.30208668497942,3.24441329809033,0.490993371325521,5.38247539864283
"RI",8,10,2.25,9.981480160732,0.0700328502243792,6,0.400042200757435,1,11.1265190468231,0.138753682674877,4.98,9.7134157321412e-05,1,9.97599612532517,0.0696288045204075,9.42,0.563122089297481,1,11.0935546821623,0.139954291266272,2,1.15440349267755e-05,1,11.0880069607103,0.140457975391971,1,NA,1,9.97628181992469,0.0696538438928014,10,0.574747545000269,1,9.12200693079607,0.0324335415550228,10,1,1,1.15023722689841,11.5297186633315,0.0329643646608009,0.297148800409364,1.15052292149793,11.5329126740256,2.00451211602703,21.9744638568488
"RI",8,20,0.5,9.29939051533975,0.035617662110514,7,0.262893231356436,1,9.60047657141145,0.0467938544151604,3.98,-1.28628693560224e-05,1,9.29718472821613,0.0356617005602728,14.06,0.448148504906819,1,9.54789212388279,0.0429733159677223,2,6.25105547606993e-06,1,9.54807081417355,0.0429842013980486,1,NA,1,9.29671837970306,0.0357412045898781,20,0.569457397804223,1,9.09695346094967,0.0341705101994317,20,1,1,0.30375819170839,3.26737004717241,0.0525844475286608,0.550744047444018,0.30329184319532,3.26219013670725,0.50352311046178,5.53507405114519
"RI",8,20,2.25,10.0296116223143,0.0568354204156622,7,0.274521446264052,1,11.2792559459451,0.113535550932598,4.08,-7.18626908505583e-05,1,10.0189843628267,0.0561533689402128,14.78,0.48010995120316,1,11.2051982366961,0.10989133546526,2,6.25105547606993e-06,1,11.2055043114059,0.109902232046622,1,NA,1,10.0181058523681,0.0561349733964249,20,0.569457397804223,1,9.09828330610903,0.0342343135357446,20,1,1,1.261150093577,12.5887080069022,0.0740577092489989,0.660922793908858,1.2602715831184,12.5788357130725,2.18097263983607,23.9712544274331
"RI",8,50,0.5,9.33568380278745,0.0364059242198425,9.98,0.177167103232089,1,9.57898598338438,0.0387694525910217,5.06,1.45841838435657e-05,1,9.43489445797751,0.0362399158286379,5.66,0.0206826410309802,1,9.55842124546288,0.0389004144247195,2,3.66176451381431e-05,1,9.55938684892835,0.0388351857839474,1,NA,1,9.32817546121204,0.0362581870463034,50,0.565009465732287,1,9.12056875333823,0.0348782461465185,50,1,1,0.250810522172339,2.6887414716334,0.0205647379215002,0.215147851233932,0.14409152540687,1.52721926088994,0.45841723004615,5.02619126552128
"RI",8,50,2.25,10.0964182185289,0.0481655138570965,9.98,0.17987727847918,1,11.2802225100963,0.0799606326808417,3.78,-5.88169523576188e-05,1,10.5368344609476,0.060436323859927,6.96,0.0273794792733664,1,11.2458722658686,0.0813180585394085,2,3.66176451381431e-05,1,11.248682654293,0.0809649106353318,1,NA,1,10.0808385983515,0.0480481842911374,50,0.565009465732287,1,9.12678811001793,0.0350342637446889,50,1,1,1.1993839117448,11.8976601008267,0.0343502442276993,0.305447575924833,0.743388049148699,7.05513645396916,2.15343440007837,23.5946575522519
"RI",9,10,0.5,9.29236346837165,0.0382987626933349,6,0.399137388511064,1,9.88589876536872,0.0700113033129181,4.84,-0.000114508160673207,1,9.29064735406437,0.0382845681928757,9.42,0.553823776604325,1,9.5289645643338,0.0491657872875824,2,-4.23233687222407e-05,1,9.52894552328778,0.049164180939794,1,NA,1,9.29058989916577,0.0382720970404873,10,0.574747545000269,1,9.10147675985236,0.0331338505325571,10,1,1,0.59530886620295,6.40765411738178,0.356934201034921,3.74578159699428,0.59525141130435,6.40699607486388,0.78442200551636,8.61862339721102
"RI",9,10,2.25,9.96294395530216,0.0714380501815886,6,0.400042200757435,1,11.5599058687777,0.157985934842762,4.3,9.35775900654174e-06,1,9.957401141417,0.0710094200576375,9.42,0.563122089297481,1,11.0600753136991,0.1424622257003,2,-4.23233687222407e-05,1,11.0597330688493,0.142381116660206,1,NA,1,9.95765020461892,0.071028998320278,10,0.574747545000269,1,9.101426951116,0.0331885555715108,10,1,1,1.60225566415878,16.090700428657,0.499830555078599,4.51923283433255,1.6025047273607,16.0936041905072,2.4584789176617,27.0120161472069
"RI",9,20,0.5,9.30641592365884,0.0352097315381693,7,0.262893231356436,1,10.0368154476801,0.0656480263824316,5.6,-0.00010895764677167,1,9.30423163781245,0.0352038512672892,14.06,0.448148504906819,1,9.55188264090056,0.0435960242760603,2,2.1733507199694e-05,1,9.55188528547397,0.0436002441486904,1,NA,1,9.30376787235505,0.0352617146581185,20,0.569457397804223,1,9.09711188660195,0.0336269135506935,20,1,1,0.733047575325051,7.87903981894482,0.48493280677954,5.07682961579834,0.73258380986765,7.87366263421931,0.939703561078151,10.3296911458474
"RI",9,20,2.25,10.0460711888781,0.0577142843528798,7,0.274521446264052,1,11.7998712043481,0.133626093151477,5.64,-9.13636893913377e-05,1,10.0357689233584,0.0570960543573269,14.78,0.48010995120316,1,11.2152524266098,0.111894255909834,2,2.1733507199694e-05,1,11.2151975203219,0.111894928477347,1,NA,1,10.0347566518491,0.0570724826644902,20,0.569457397804223,1,9.09843873943847,0.033702286084779,20,1,1,1.765114552499,17.5900085446889,0.584618777738301,5.21271172061371,1.7641022809897,17.5781476682243,2.70143246490963,29.6911650698915
"RI",9,50,0.5,9.34804673077119,0.0347250740565189,9.98,0.177167103232089,1,10.0140012634425,0.0612832242402731,4.82,-5.82412285663122e-06,1,9.44605448297872,0.0352713144955946,5.66,0.0206826410309802,1,9.56821976137298,0.0363175538276378,2,-5.30946581707225e-05,1,9.56776320483672,0.036290680382332,1,NA,1,9.33961529681993,0.0347087311834005,50,0.565009465732287,1,9.13022184406289,0.0345214392836095,50,1,1,0.67438596662257,7.22070390685357,0.44578150206952,4.65898059604719,0.56794678046378,6.0125291621723,0.883779419379611,9.67971462768242
"RI",9,50,2.25,10.1091823440667,0.0443776075711182,9.98,0.17987727847918,1,11.6778942731555,0.102775534826729,5.06,5.43924605029115e-05,1,10.5511847640727,0.0564710919414269,6.96,0.0273794792733664,1,11.2577026675996,0.0767575305172395,2,-5.30946581707225e-05,1,11.2576466518858,0.0767720240131329,1,NA,1,10.0940874565664,0.0444214505995383,50,0.565009465732287,1,9.13630564584969,0.0346574239616778,50,1,1,1.5838068165891,15.690440799171,0.4201916055559,3.73248093294591,1.1267095090828,10.6785117906314,2.54158862730581,27.8185595559663
"RS",1,10,0.5,10.9135164038218,0.0561608897643077,1,0,1,12.0706739331185,0.067745778739065,3.2,0.00013438134138278,1,10.1871271628787,0.0443124766089707,9.38,0.556839243601163,1,10.9135136088018,0.0561859117396326,2,7.58728112981664e-05,1,10.9135164038218,0.0561608897643077,1,NA,1,10.1666568184134,0.0442311260242685,10,0.574747545000269,1,9.41153933550871,0.0369305338238906,10,1,1,1.9040171147051,18.7280553353254,1.1571603243167,10.6030043650053,1.8835467702398,18.4894793215435,2.65913459760979,28.2539816582094
"RS",1,10,2.25,12.4524239520528,0.147120075433919,1,0,1,13.9193786342818,0.164558761268985,3.58,7.82587166866983e-06,1,10.8490965097275,0.0738049297420763,9.34,0.55888104620091,1,12.4526292845783,0.147128675654887,2,7.58728112981664e-05,1,12.4524239520528,0.147120075433919,1,NA,1,10.8356744670691,0.0740474449251564,10,0.574747545000269,1,9.41187338669207,0.036901742872029,10,1,1,3.0837041672127,28.4588114619394,1.4667493497035,11.7786317747366,3.0702821245543,28.2998876616263,4.50750524758973,47.8916902342006
"RS",1,20,0.5,11.0986188841149,0.0469049373525313,1,0,1,12.3905404720492,0.0683327558891326,3.6,-2.04389785384808e-05,1,10.5538625629575,0.0403608265727877,14.04,0.462520055788125,1,11.099400494699,0.0469909280545072,2,2.69560668569231e-05,1,11.0986188841149,0.0469049373525313,1,NA,1,10.4587796923006,0.0393628753283955,20,0.569457397804223,1,9.71703240076124,0.0342468779212199,20,1,1,1.9317607797486,18.4702311032586,1.2911399773502,11.63251995427,1.8366779090917,17.4028977365895,2.67350807128796,27.5136272168704
"RS",1,20,2.25,12.773234415418,0.115194775985507,1,0,1,14.1897097369068,0.130139465885877,3.3,4.49746729620605e-05,1,11.2998594477042,0.0623511382256317,14.7,0.470474942812756,1,12.7739457367127,0.115294180922936,2,2.69560668569231e-05,1,12.773234415418,0.115194775985507,1,NA,1,11.2098696690929,0.0627560331080842,20,0.569457397804223,1,9.71794178737246,0.0343777603592974,20,1,1,2.9798400678139,26.5822900334846,1.4157640001941,11.0832160193475,2.8898502892026,25.574214463258,4.47176794953434,46.0155869151735
"RS",1,50,0.5,11.1423310641482,0.0491628808448974,1,0,1,12.4380690101074,0.0716296815565509,3.52,-6.27688504448279e-05,1,11.0234041002916,0.0472271628290642,5.36,0.0182014096216103,0.94,11.1425719247895,0.0491103442145596,2,-2.79458370165056e-05,1,11.1423310641482,0.0491628808448974,1,NA,1,10.6932580497444,0.0456632401204484,50,0.565009465732287,1,10.1056409175283,0.0430582784027017,50,1,1,1.744810960363,16.3169256015916,1.2954970853179,11.6265534928766,1.4146649098158,12.8332854075301,2.3324280925791,23.0804568618056
"RS",1,50,2.25,12.7996746506879,0.0864962467291594,1,0,1,14.2904923502073,0.108850850280289,3.62,9.75335208782144e-06,1,12.1228055622976,0.0712147823182479,6.7,0.0258773169387823,0.94,12.7998877765141,0.086455572979883,2,-2.79458370165056e-05,1,12.7996746506879,0.0864962467291595,1,NA,1,11.4476205802226,0.0586235914683033,50,0.565009465732287,1,10.1141712203025,0.0433103541269057,50,1,1,2.8428717699847,24.8337350985948,1.4906045736932,11.6454503329962,2.1676867879097,17.8810653752568,4.1763211299048,41.2917780304286
"RS",2,10,0.5,13.7247946387227,0.0818695500386629,1,0,1,13.7349967069963,0.0816077921116265,4.74,4.68241990981264e-05,1,11.6678929816839,0.0607866007308895,9.26,0.55003551189037,1,13.7256605664935,0.0818799396451249,2,-3.44449317043508e-05,1,13.7247946387227,0.0818695500386629,1,NA,1,11.5545555410258,0.0565277935373421,10,0.574747545000269,1,9.50105098842382,0.037815290217821,10,1,1,2.1804411659705,18.8708354746194,0.00933614050279985,0.0680196079275941,2.0671037253124,17.7161697365352,4.23394571857248,44.5629196573217
"RS",2,10,2.25,15.2644512877776,0.160297757265821,1,0,1,15.286257170766,0.160008955219643,5.78,3.13841162824739e-05,1,12.3850209869514,0.0844283133247607,9.22,0.538976705282725,1,15.2651576175014,0.160337965638199,2,-3.44449317043508e-05,1,15.2644512877776,0.160297757265821,1,NA,1,12.2386306956495,0.0850949635823792,10,0.574747545000269,1,9.5011547784913,0.0378042619189863,10,1,1,3.0476264751165,24.9016948946735,0.0210995532645999,0.138220343302642,2.9012361838146,23.4253634844162,5.7851023922747,60.8884133260412
"RS",2,20,0.5,14.1296052910055,0.0754216986549946,1,0,1,14.1419580062697,0.0753658256495525,4.72,-0.000100642557911689,1,12.4552233026009,0.0681890538407468,14.44,0.468605002314407,1,14.1297069460238,0.0754264041012402,2,4.67707630030526e-05,1,14.1296052910055,0.0754216986549946,1,NA,1,12.0815162412474,0.0589401860505181,20,0.569457397804223,1,9.90764299576964,0.0387192802836399,20,1,1,2.0604417650223,17.0544965042365,0.0122510602458998,0.0867042769726156,1.6867347036688,13.5423883031995,4.23431501050006,42.7378642156164
"RS",2,20,2.25,15.7981086945201,0.125270295239696,1,0,1,15.8151831822792,0.126145441089294,5.1,7.06934202823608e-05,1,13.1606880736561,0.083104802526933,15.04,0.478237904539663,1,15.7985500597899,0.12519479026378,2,4.67707630030526e-05,1,15.7981086945201,0.125270295239696,1,NA,1,12.8346632128511,0.0789495850773071,20,0.569457397804223,1,9.90841137518202,0.03871086597396,20,1,1,2.9805199694281,23.222424461,0.016633122489301,0.105282588758793,2.6544951086231,20.1698808889532,5.90677180709718,59.6137118599264
"RS",2,50,0.5,14.3406058569505,0.0661023877534565,1,0,1,14.3573298972723,0.0655145269903428,5.06,3.28344753700572e-05,1,14.0982844078322,0.0654735426189619,4.72,0.0141652422478408,0.96,14.3409402123464,0.065976714705827,2,-1.78764528578213e-05,1,14.3406058569505,0.0661023877534565,1,NA,1,12.7382829992741,0.0517218161883398,50,0.565009465732287,1,10.7642674415227,0.0458685074190369,50,1,1,1.6190468979982,12.7100873649177,0.0163896849258993,0.11428598601777,0.2590454894401,1.83742561822762,3.5930624557496,33.3795353494239
"RS",3,10,0.5,11.2978012447877,0.0996592693091924,1,0,1,12.6108962666319,0.199275286965409,6.18,0.124575292997957,1,10.3467538680778,0.0589110365655142,9.4,0.555013164823693,1,11.167051149554,0.0967074905325437,2,0.164496064048899,0.98,11.2978012447877,0.0996592693091924,1,NA,1,10.3251776469437,0.0582983452956981,10,0.574747545000269,1,9.40847300493469,0.0367973364488372,10,1,1,2.2857186196882,22.1373297181457,1.4438451170779,12.9295110924209,2.2641423985541,21.8826351474303,3.20242326169721,34.0376515935961
"RS",3,10,2.25,12.7555320281129,0.211412066695714,1,0,1,13.9074837665383,0.273727498709426,5.66,0.132109219957245,0.98,10.945682133809,0.0969969319918751,9.3,0.554426965481645,1,12.503730791555,0.201612264339598,2,0.164496064048899,0.98,12.7555320281129,0.211412066695713,1,NA,1,10.9217370375423,0.0966622715467429,10,0.574747545000269,1,9.41054691891415,0.0368406467319952,10,1,1,2.985746728996,27.3376544292617,1.4037529749833,11.226673049706,2.9618016327293,27.059086830056,4.49693684762415,47.7861370478458
"RS",3,20,0.5,11.4369343616757,0.0602681317048611,1,0,1,12.4379821981001,0.167617989996292,6.16,0.153576241145111,1,10.6656284179701,0.0426497439990938,14.12,0.461983774496521,1,11.3199119197776,0.0576730228497397,2,0.112901521714825,1,11.4369343616757,0.0602681317048611,1,NA,1,10.5714582600642,0.0412814417496011,20,0.569457397804223,1,9.71319524303992,0.0342151265859992,20,1,1,1.8665239380359,17.656257936401,1.1180702783225,9.8770227740824,1.77235378013,16.617434160221,2.72478695506018,28.0524264866667
"RS",3,20,2.25,13.0231569845849,0.114294773315658,1,0,1,14.0609610264974,0.24023609363643,6.54,0.159899430757963,1,11.2971991736096,0.0611446762090964,14.52,0.475038589186375,1,12.7733899984014,0.118038234593348,2,0.112901521714825,0.98,13.0231569845849,0.114294773315658,1,NA,1,11.2024228056374,0.0583590230289678,20,0.569457397804223,1,9.71552251282824,0.0343135330859047,20,1,1,2.85853822086,25.5171427686294,1.287571028096,10.0801042499848,2.7637618528878,24.4641331928004,4.34543851366916,44.7267607885371
"RS",3,50,0.5,15.7976312836114,0.233306078214245,1,0,1,15.7995358942153,0.270295458779936,4.62,0.112658330419141,0.92,13.8523284347186,0.123698136759871,4.72,0.0127698586593748,0.98,15.2979762441002,0.232098329412872,3.86,0.131499638528004,0.96,15.7976312836114,0.233306078214245,1,NA,1,12.4729896553941,0.0945331238207641,50,0.565009465732287,1,10.0975884812952,0.0426002782380968,50,1,0.98,3.3265462388212,26.669999180049,0.5015596501151,3.2786013137426,1.9472074594967,14.0568964176184,5.7019474129201,56.4684075161352
"RS",3,50,2.25,17.3724098500022,0.258787142042222,1,0,1,17.587651928683,0.329450141127505,5.44,0.115474876462372,0.94,15.0033981223508,0.154467311261236,5.32,0.016401924113727,0.98,16.720464225748,0.256818937245973,3.86,0.131499638528004,0.98,17.3724098500022,0.258787142042222,1,NA,1,13.0921022520192,0.104131998033391,50,0.565009465732287,1,10.1057206859973,0.0426565564833798,50,1,1,4.4955496766638,34.3378747746218,0.867187702935002,5.18638532535245,2.5842538063322,17.2244566548054,7.4819312426857,74.0365924921399
"RS",4,10,0.5,19.6391322408017,0.640654028142727,1,0,1,18.2727615563258,0.58215185374347,4.56,0.217656789636612,1,14.1042363753168,0.261632309295241,9.42,0.556519503001767,1,18.4444641869503,0.59143174316862,2.18,0.21672475367857,1,19.6391322408017,0.640654028142727,1,NA,1,14.0258218669114,0.261376869598219,10,0.574747545000269,1,9.49878018950959,0.0378174191407786,10,1,1,4.2469396894144,30.2794355276495,-0.171702630624498,-0.930916880447952,4.168525181009,29.555128474053,8.77398136681621,92.3695589514341
"RS",4,10,2.25,21.2935733053273,0.834510362793798,1,0,1,19.6969595688124,0.773430078897284,4.48,0.220294826014187,1,14.7643831518301,0.330489889369603,9.3,0.555175178160387,1,19.8750462012514,0.774827711248884,2.18,0.21672475367857,1,21.2935733053273,0.834510362793798,1,NA,1,14.6856788579408,0.333382466791787,10,0.574747545000269,1,9.50097388539892,0.0377833891606781,10,1,1,5.0112807108716,34.1235891057356,-0.178086632439001,-0.89603128785577,4.9325764169823,33.408618336831,10.1959856834135,107.315163754767
"RS",4,20,0.5,19.4794517086989,0.479856384786091,1,0,1,17.8262956257072,0.403382179208156,5.12,0.230556988060742,1,14.4539816893173,0.185969574826753,14.26,0.462557746606711,1,17.7362364802054,0.379875012203451,3.6,0.251844190478164,1,19.4794517086989,0.479856384786091,1,NA,1,14.0656217057031,0.186665641725534,20,0.569457397804223,1,9.90069629508278,0.0382912846510187,20,1,1,3.7606739200041,26.7366348867415,0.0900591455018009,0.507769196708163,3.3723139363899,23.3313837589978,7.92559933062442,80.0509286863056
"RS",4,20,2.25,21.1274968312622,0.520851649892723,1,0,1,19.1838800802653,0.453494378930807,5.26,0.238252552178702,1,15.0557828929978,0.19955468713976,14.88,0.482801550079052,1,19.0933874405472,0.421257136183526,3.6,0.251844190478164,1,21.1274968312622,0.520851649892723,1,NA,1,14.7027032137456,0.201291271323891,20,0.569457397804223,1,9.9049090879497,0.0384439248323605,20,1,1,4.4811768665197,30.4785915989261,0.0904926397181001,0.473947538119557,4.1280971872675,27.4186816893289,9.2789709923156,93.68052659468
"RS",4,50,0.5,89.6123108610423,3.74228395586485,1,0,1,79.2426471528626,3.70781836481892,7.38,0.190664525663589,0.96,47.0108230046416,1.65736519425782,12.2,0.0606048812685039,1,75.4324747651536,3.31474578837592,6.2,0.223064338111545,1,89.6123108610423,3.74228395586485,1,NA,1,41.2149893722523,1.44460622275128,50,0.565009465732287,1,10.7346096765863,0.0460217646036,50,1,0.86,38.0276577806103,92.2665718463394,3.810172387709,5.05110351950051,32.231824148221,68.5625608916453,68.5080374762763,638.197750456656
"RS",5,10,0.5,14.843779483545,0.0935754025287021,1,0,1,14.9216908755414,0.0937056679181133,4.66,1.36245304264081e-05,0.98,12.2556027328325,0.0728912945700406,9.08,0.546286715699302,1,14.8442007517446,0.0935769747496913,2,-3.45254366912629e-05,1,14.843779483545,0.0935754025287021,1,NA,1,12.0991100767868,0.0652536636297945,10,0.574747545000269,1,9.54757467146458,0.0354373725983653,10,1,1,2.8225807987546,23.328829813442,0.0774901237967995,0.522022876763462,2.6660881427089,21.7540352835239,5.37411620407682,56.2877630079057
"RS",5,10,2.25,16.3827682278483,0.153187127195051,1,0,1,16.4708186790528,0.153807202064311,4.4,9.3280590034361e-06,0.94,12.9156426196561,0.0908885990273808,9.36,0.555799151126416,1,16.3833707009302,0.153217846226836,2,-3.45254366912629e-05,1,16.3827682278483,0.153187127195051,1,NA,1,12.7915840386244,0.0844668451434434,10,0.574747545000269,1,9.5478848991508,0.0353667846935971,10,1,1,3.6792346404284,28.7629321694552,0.0874479781226007,0.533760602252853,3.5551760593967,27.526125986067,6.922933779902,72.5075119047333
"RS",5,20,0.5,15.2712825208715,0.0633543150195454,1,0,1,15.3539634655,0.0642422030132777,4.56,1.36423697629342e-05,0.96,13.2802111447956,0.0596343170972256,14.62,0.474776337507714,1,15.2719612333968,0.0631236113012773,2,2.62899722809749e-05,1,15.2712825208715,0.0633543150195454,1,NA,1,12.8094435745236,0.0513591123251504,20,0.569457397804223,1,10.0877800746979,0.0411952773092069,20,1,1,2.5445198909764,19.8644061014261,0.0820022321031999,0.536946308663211,2.0737523207044,15.6153565488835,5.2661833908021,52.2035904015265
"RS",6,10,0.5,16.0193542656158,0.431234204074733,1,0,1,18.0547293239247,0.483574946710454,3.18,-8.62891793482125e-06,0.94,12.3862008802459,0.183245141589522,9.48,0.556738412112247,0.66,16.0197862772504,0.431229138408325,2,-3.19352513121669e-05,0.92,16.0193542656158,0.431234204074733,1,NA,1,12.3755161108945,0.183881851585536,10,0.574747545000269,0.66,9.38961193482752,0.0365771747849332,10,1,0.52,5.6792132130302,45.8907181093695,2.0349430466743,12.7026853633129,5.6685284436788,45.7648676820609,8.66511738909718,92.2840842543974
"RS",6,10,2.25,17.2781819809464,0.540939810171398,1,0,1,19.4780600716419,0.592358372027245,3.4,-1.81352916374431e-05,0.94,12.941320922022,0.231732804306067,9.5,0.561465092421154,0.76,17.2786056703268,0.540923108647761,2,-3.19352513121669e-05,0.92,17.2781819809464,0.540939810171397,1,NA,1,12.9282893743037,0.231333991734199,10,0.574747545000269,0.74,9.39324373087771,0.0367952858549998,10,1,0.88,6.5497706973382,50.6623150805747,2.1994544013151,12.7293512178029,6.5367391496199,50.5106023489183,10.0848163407642,107.362447198225
"RS",6,20,0.5,15.8919352099686,0.34399694102909,1,0,1,17.8783888701976,0.399824032112291,3.38,-4.30520488510786e-05,0.82,12.5679299320228,0.144973556181944,15.08,0.49291459197452,0.62,15.8921554342395,0.343978933797921,2,-3.64158279821584e-05,0.88,15.8919352099686,0.34399694102909,1,NA,1,12.514805850355,0.144516935685763,20,0.569457397804223,0.42,9.63735637978581,0.0330355435998162,20,1,0.52,5.3635830198426,42.8579003460166,1.9862334359581,12.4982004120019,5.3104589381748,42.2540463457222,8.24103249041179,85.5113390607534
"RS",7,10,0.5,32.1862062060287,1.41154525154696,1,0,1,32.841958037993,1.44621341472183,5.66,0.000225497434647348,0.66,20.7171361986251,0.655109168863718,9.08,0.539397285627952,1,32.1861507245336,1.41152818896021,2,-6.83327115621782e-05,1,32.1862062060287,1.41154525154697,1,NA,1,19.8388311098049,0.623662508312021,10,0.574747545000269,1,9.53394153855137,0.0377390397592575,10,1,1,13.0031269281881,65.543815843876,0.655807313459405,2.03754502696565,12.1248218393679,58.5255689933272,23.3080164994416,244.474086663879
"RS",7,10,2.25,33.7399556576239,1.41231594340708,1,0,1,34.807366034686,1.47646335958315,5.06,8.4792114477615e-05,0.8,20.9651112338872,0.658240462779507,9.36,0.552317305292611,1,33.7398577078372,1.4122950201154,2,-6.83327115621782e-05,1,33.7399556576239,1.41231594340708,1,NA,1,20.5086838327197,0.61911062121766,10,0.574747545000269,1,9.53404210612405,0.0377133000016729,10,1,1,14.2986822019663,69.7201357171155,1.0675083268488,3.16393843771556,13.8422548007988,66.0251913112901,25.273323928562,265.085088226409
"RS",7,20,0.5,31.3841355724611,1.01661959768823,1,0,1,31.8151319226948,1.03094569411846,5.16,1.72009311792382e-05,0.62,22.3282987146205,0.590877851444181,14.3,0.460860155714949,1,31.384192396547,1.01664087588447,2,3.69043865776498e-06,1,31.3841355724611,1.01661959768823,1,NA,1,20.0354671542844,0.460132694424551,20,0.569457397804223,1,10.0826667229948,0.0428612118576188,20,1,1,11.7796647684104,58.7940609405328,0.4309395261478,1.3731101336073,9.4868332080743,42.4879357327047,21.7324651997,215.542830054437
"RS",7,20,2.25,33.0317404105291,1.01355513674522,1,0,1,33.8804555359196,1.06688374956754,5.26,-9.28625022216276e-05,0.82,22.6930139672128,0.565669077977725,14.7,0.475303445785264,1,33.0318069501295,1.01357704557997,2,3.69043865776498e-06,1,33.0317404105291,1.01355513674522,1,NA,1,20.8078530695156,0.461906653102164,20,0.569457397804223,1,10.0845156268194,0.0429678589787132,20,1,1,13.072602466404,62.8253305265594,0.848648585790102,2.56918607895527,11.1874415687068,49.2990555810285,23.7959399091002,235.965125045925
"RS",8,10,0.5,23.7687138748296,0.795655233151432,1,0,1,23.8597683427668,0.794828242545863,2.86,-9.23324475762419e-05,1,16.7242573528561,0.358586536299179,9.26,0.55003551189037,1,23.7734744970111,0.796098364933053,2,1.15440349267755e-05,1,23.7687138748296,0.795655233151431,1,NA,1,16.4219592239943,0.350290786724181,10,0.574747545000269,1,10.0020520503175,0.0561216296881594,10,1,1,7.4378091187725,45.2918498780891,0.0862938457556979,0.362983735366695,7.1355109899107,42.6656373395984,13.8577162924493,138.548732027538
"RS",8,10,2.25,24.9479756054599,0.89340076966847,1,0,1,25.0284155660724,0.89634735014706,3.94,-0.000316580151167059,1,17.3620800566188,0.413584315294979,9.22,0.538976705282725,1,24.9556737412698,0.893671278584294,2,1.15440349267755e-05,1,24.9479756054599,0.89340076966847,1,NA,1,16.9700271696785,0.397000395376833,10,0.574747545000269,1,10.0013702038217,0.0558276820170834,10,1,1,8.0583883963939,47.4860076287466,0.0727418248026019,0.291484115222684,7.6663355094536,44.1556281531545,15.0270453622507,150.249866328402
"RS",8,20,0.5,23.6324120256357,0.620774120417589,1,0,1,23.6914776780224,0.62089982439052,3.28,8.55940052541957e-05,1,18.4701015330939,0.381617708959758,14.44,0.468605002314407,1,23.6403957544054,0.621163431895824,2,6.25105547606993e-06,1,23.6324120256357,0.620774120417589,1,NA,1,17.1538772803544,0.276120105712056,20,0.569457397804223,1,10.8173165181342,0.0655367825743601,20,1,1,6.537600397668,38.1115026697506,0.0510819236170015,0.216078969860223,5.2213761449285,28.2693418635143,12.8741611598882,119.014370507749
"RS",8,20,2.25,25.1212058556096,0.725382039408434,1,0,1,25.1920279017593,0.72597311894185,3.52,-9.19624034496116e-06,1,19.0951060662028,0.332892018009175,15.04,0.478237904539663,1,25.1308357181776,0.725853213336292,2,6.25105547606993e-06,1,25.1212058556096,0.725382039408434,1,NA,1,17.8531945269421,0.319772075268647,20,0.569457397804223,1,10.8189645124076,0.0654118944951955,20,1,1,7.3388333748172,41.1065558253019,0.0611921835816993,0.243494423615354,6.0969218355565,31.9292378603107,14.3730633893517,132.850638088961
"RS",8,50,0.5,25.1527666477003,0.398908393187797,1,0,1,25.179571145939,0.401370369977262,3.6,-1.59505625934796e-08,1,24.4925904071057,0.402016480070327,4.72,0.0141652422478408,0.96,25.152434870778,0.39823680991305,2,3.66176451381431e-05,1,25.1527666477003,0.398908393187797,1,NA,1,19.4676979286243,0.219139334630866,50,0.565009465732287,1,12.8155012176314,0.0869761704397363,50,1,1,5.7118732173147,29.340260149179,0.027136275161002,0.107887269365436,0.686980738833302,2.80485129345076,12.3640699283076,96.4774589642836
"RS",8,50,2.25,26.7647295796473,0.435351661253383,1,0,1,26.9383845190563,0.468628791879647,3.58,6.12554819663507e-05,1,25.3391558677158,0.425726734503036,6.58,0.0244726367971084,0.96,26.7641485960814,0.434972306145775,2,3.66176451381431e-05,1,26.7647295796473,0.435351661253383,1,NA,1,20.3135040804813,0.241315816788961,50,0.565009465732287,1,12.82956214352,0.0876125042419056,50,1,1,6.624880438575,32.6131838816557,0.174235922974898,0.651004915584763,1.5992286513405,6.31129410817528,14.1088223755363,109.971191672059
"RS",9,10,0.5,18.1394095057834,0.224182851167605,1,0,1,18.6912805059254,0.23565319557972,4.74,-0.000105914073264594,0.74,14.2523763769067,0.116293473230634,9.26,0.553158461465305,1,18.1394333068094,0.224509122142904,2,-4.23233687222407e-05,1,18.1394095057834,0.224182851167605,1,NA,1,14.0799597665941,0.110571346135586,10,0.574747545000269,1,10.1139119185976,0.0484206474951338,10,1,1,4.6113207393313,32.7509511090511,0.551847199115997,3.04225159508615,4.4389041290187,31.1450105696837,8.5773685873278,84.8076259350807
"RS",9,10,2.25,19.6781155569388,0.273151606347808,1,0,1,20.252556120615,0.290392959556054,4.76,2.82099550160402e-05,0.74,14.9628353800323,0.136495448842225,9.26,0.552396283145295,1,19.6780669325996,0.273473517086364,2,-4.23233687222407e-05,1,19.6781155569388,0.273151606347808,1,NA,1,14.7838772493296,0.132303189874691,10,0.574747545000269,1,10.1140183855324,0.0483217539627019,10,1,1,5.4686788712854,36.9908298009806,0.574489188015402,2.91943913994761,5.2897207405827,35.3523954934488,10.1385377350826,100.242429355134
"RS",9,20,0.5,18.5777724059153,0.164003875010225,1,0,1,19.1783696322674,0.179949409486033,6.2,3.46210484614773e-05,0.7,15.8169861046816,0.125340446094621,14.18,0.462933488648256,1,18.5798921722385,0.164094594246227,2,2.1733507199694e-05,1,18.5777724059153,0.164003875010225,1,NA,1,15.1338398306751,0.102439308970896,20,0.569457397804223,1,10.9428670734006,0.0477094596968357,20,1,1,4.0445298015923,26.7250733907885,0.598477460028899,3.22110297778329,3.3613835275858,21.2517321905649,8.2355025588668,75.2590934681576
"RS",9,20,2.25,20.2501539858509,0.181725878430525,1,0,1,20.9208915226355,0.192132221538373,5.6,-8.91912006891572e-05,0.74,16.5179994126907,0.109796108424624,14.82,0.474191920784355,1,20.2522284629458,0.181872757485116,2,2.1733507199694e-05,1,20.2501539858509,0.181725878430525,1,NA,1,15.9318032492725,0.110910200585141,20,0.569457397804223,1,10.9438057785001,0.0477320896696725,20,1,1,4.989088273363,31.3152767160291,0.668663059689699,3.30167645952202,4.4028921099448,26.6551172447801,9.9770857441354,91.1665095860538
