"method","MSPE","beta_MSE","beta_SSE","intercept_MSE","Var_a_hat","Var_b_hat","Var_e_hat","Var_a_MSE","Var_b_MSE","Var_e_MSE","G_MSE","selected_K","objective","runtime","converged","iterations","group_ARI","mis_type","rho","merge_factor","dist_x","var_b","lambda","R_true","N_test","replication","model","case"
"CIRG",10.2615975461407,0.0106630113240395,0.213260226480791,0.0475908746716256,0.000263590389659248,NA,10.8755582671183,5.06131391272643,NA,3.51771881335582,NA,2,-10.9515860772881,1.07,TRUE,28,7.53741484076579e-05,"contam",0.25,2,"case1",0,0,20,1000,1,"RI",1
"CIRG",9.65041183635076,0.00751565574310393,0.150313114862079,0.00795211004473014,0.000859707621856869,NA,10.0141165873109,5.05863205479884,NA,1.02843245265911,NA,4,-10.0848720820987,2,TRUE,135,-0.00138280793195331,"contam",0.25,2,"case1",0,0,20,1000,2,"RI",1
"CIRG",9.33637050879226,0.0130312449903302,0.260624899806604,0.0583231001337039,0.00026199227938922,NA,9.79092842563192,5.0613211033827,NA,0.62556777447259,NA,2,-9.86064797956171,1.11,TRUE,30,0.000466649959866331,"contam",0.25,2,"case1",0,0,20,1000,3,"RI",1
"CIRG",10.6896130090196,0.00760453981561223,0.152090796312245,0.134446519818342,0.000847815766089519,NA,10.3895616883545,5.05868554784417,NA,1.93088168574256,NA,7,-10.463319952518,1.89,TRUE,88,0.00114289683268575,"contam",0.25,2,"case1",0,0,20,1000,4,"RI",1
"CIRG",12.8781304762816,0.0115058988331189,0.230117976662377,0.597067285227948,0.000267000750035795,NA,11.5466166707939,5.06129856791424,NA,6.48525646796556,NA,2,-11.6274359210209,1.05,TRUE,29,-0.00129414449853587,"contam",0.25,2,"case1",0,0,20,1000,5,"RI",1
"CIRG",10.332361659632,0.00707395899215902,0.14147917984318,0.0506723934796706,0.000258900427001699,NA,10.8725043261257,5.06133501510792,NA,3.50627245135956,NA,2,-10.9482549172669,1.24,TRUE,28,-0.00116487928135523,"contam",0.25,2,"case2",0,0,20,1000,1,"RI",2
"CIRG",9.72184522796503,0.00414916987799551,0.0829833975599103,0.00805478092467642,0.00400513003939048,NA,10.012645236688,5.04449295588937,NA,1.0254503753869,NA,8,-10.0855379688831,2.29,TRUE,149,0.00215702972027048,"contam",0.25,2,"case2",0,0,20,1000,2,"RI",2
"CIRG",9.32528971749223,0.00552911374710221,0.110582274942044,0.0603141544061028,0.000243635874093594,NA,9.82145453374404,5.06140369792502,NA,0.674787551008633,NA,2,-9.89135675502005,0.990000000000002,TRUE,27,-0.000800146936320156,"contam",0.25,2,"case2",0,0,20,1000,3,"RI",2
"CIRG",10.8404223437532,0.006872049083461,0.13744098166922,0.129632890047634,0.000270040733398761,NA,10.3657329396318,5.0612848896217,NA,1.86522646239533,NA,2,-10.4392314278527,1.1,TRUE,29,-0.000203839910309997,"contam",0.25,2,"case2",0,0,20,1000,4,"RI",2
"CIRG",12.8733446340174,0.0103872911166331,0.207745822332662,0.582588225174898,0.0002904855805694,NA,11.4976357524532,5.06119289926931,NA,6.23818435193255,NA,2,-11.5780067877977,1.22,TRUE,32,-0.00034785307298183,"contam",0.25,2,"case2",0,0,20,1000,5,"RI",2
"CIRG",10.2549607104332,0.0165773826809273,0.331547653618546,0.0350390572271538,0.149002135860331,NA,10.7740912436578,4.41419202511945,NA,3.1473997408232,NA,2,-10.8524153161524,0.699999999999999,TRUE,11,0.108095600772412,"contam",0.25,2,"case3",0,0,20,1000,1,"RI",3
"CIRG",9.55939468603993,0.00820785041509857,0.164157008301971,0.0131835071937284,0.0646670463855728,NA,9.94299444813037,4.77568011815316,NA,0.889238529204702,NA,4,-10.0197865653816,1.07,TRUE,9,0.14701307125495,"contam",0.25,2,"case3",0,0,20,1000,2,"RI",3
"CIRG",9.23119970758401,0.0133711134263347,0.267422268526693,0.0416900975459835,0.000289442758607584,NA,9.7178976692857,5.06119759136338,NA,0.515377063565842,NA,2,-9.78720849972168,0.969999999999999,TRUE,32,0.0996135110995985,"contam",0.25,2,"case3",0,0,20,1000,3,"RI",3
"CIRG",10.6326363575515,0.0130773886611742,0.261547773223484,0.048768349017685,0.112279948329397,NA,10.3201263998161,4.56984701931457,NA,1.74273371149131,NA,2,-10.3957868554547,0.809999999999999,TRUE,13,0.108157726561754,"contam",0.25,2,"case3",0,0,20,1000,4,"RI",3
"CIRG",12.8705677069128,0.0120481369999585,0.240962739999169,0.613678137967329,0.000350380771842748,NA,11.5233796076308,5.06092340929339,NA,6.36744464420716,NA,2,-11.6042244861683,1.22,TRUE,40,0.0952602910501632,"contam",0.25,2,"case3",0,0,20,1000,5,"RI",3
"CIRG",10.3154035820871,0.00726537289481472,0.145307457896294,0.0388885907089734,0.213039399744222,NA,10.7519255270401,4.14920848699438,NA,3.06924305229457,NA,2,-10.8298260756952,0.850000000000001,TRUE,10,0.116191930849372,"contam",0.25,2,"case4",0,0,20,1000,1,"RI",4
"CIRG",9.6982179218526,0.00460586859551482,0.0921173719102963,0.0129995619562163,0.101890576485419,NA,9.98009783739264,4.61437409539215,NA,0.960591770861729,NA,2,-10.0532657788952,0.82,TRUE,16,0.124208496325124,"contam",0.25,2,"case4",0,0,20,1000,2,"RI",4
"CIRG",9.22898294537741,0.00600186946483984,0.120037389296797,0.0315079428833567,0.0321112234303584,NA,9.73100449303209,4.91903062523358,NA,0.534367568833103,NA,2,-9.80188914979984,1.07,TRUE,33,0.107868703276972,"contam",0.25,2,"case4",0,0,20,1000,3,"RI",4
"CIRG",10.6714347772379,0.00706234526617641,0.141246905323528,0.0284990606206041,0.451295738172901,NA,10.2178722576989,3.23533702151497,NA,1.48321283607264,NA,2,-10.2936934865817,0.66,TRUE,8,0.117412929545486,"contam",0.25,2,"case4",0,0,20,1000,4,"RI",4
"CIRG",12.8109044295916,0.0100428333905704,0.200856667811409,0.589072884348416,0.191176472211536,NA,11.4210851767231,4.23875431857534,NA,5.86165343294817,NA,2,-11.5043037873883,0.909999999999997,TRUE,11,0.100417375197922,"contam",0.25,2,"case4",0,0,20,1000,5,"RI",4
"CIRG",10.3155631265401,0.00271240472311315,0.054248094462263,0.0492150970253849,0.000929594425874047,NA,10.8827311337023,5.05831768922936,NA,3.54467652181191,NA,5,-10.9602334220389,1.14,TRUE,93,-0.000234692875107005,"contam",0.25,2,"case5",0,0,20,1000,1,"RI",5
"CIRG",9.70884459665701,0.00281455931046404,0.0562911862092807,0.0070039727548569,0.00045037857722348,NA,9.99762559628133,5.06047349924336,NA,0.995256830355674,NA,4,-10.0671209041368,1.42,TRUE,49,-4.44116072710438e-05,"contam",0.25,2,"case5",0,0,20,1000,2,"RI",5
"CIRG",9.30813295609326,0.00366460879718281,0.0732921759436562,0.0581259842876961,0.000262623206462016,NA,9.78983144956066,5.06131826454187,NA,0.623833718715091,NA,2,-9.86031341030245,0.940000000000005,TRUE,28,0.00183786937864235,"contam",0.25,2,"case5",0,0,20,1000,3,"RI",5
"CIRG",10.76632143155,0.00274178704927434,0.0548357409854868,0.129183549205258,0.000293740688676161,NA,10.3709507871696,5.06117825318455,NA,1.8795060608409,NA,2,-10.4443037442894,1.45,TRUE,32,0.000672951511576092,"contam",0.25,2,"case5",0,0,20,1000,4,"RI",5
"CIRG",12.8926808878803,0.00353780952753823,0.0707561905507647,0.596173251822206,0.00237063379535344,NA,11.5304260709187,5.0518377678255,NA,6.40305610038503,NA,3,-11.6109293557336,1.78,TRUE,180,-0.000729802202475806,"contam",0.25,2,"case5",0,0,20,1000,5,"RI",5
"CIRG",10.3279401809407,0.013755160715569,0.275103214311379,0.422402233948525,0.000236497286460176,NA,10.8775481348005,5.0614358181419,NA,3.52518699849301,NA,2,-10.9525603092769,1.89,TRUE,136,-0.00123285965260552,"contam",0.25,2,"case6",0,0,20,1000,1,"RI",6
"CIRG",9.71952127155572,0.00763644803959237,0.152728960791847,0.100577890040141,0.000863551591911636,NA,10.0216510912891,5.05861476355775,NA,1.04377095233211,NA,6,-10.0919662531154,2.09,TRUE,143,-0.000917918738854662,"contam",0.25,2,"case6",0,0,20,1000,2,"RI",6
"CIRG",9.31386876616221,0.0123344391060954,0.246688782121907,4.45199222161027e-05,0.000173179655096723,NA,9.81482491297346,5.06172072154326,NA,0.663939638802213,NA,2,-9.88415298744824,3.29,TRUE,180,0.00215982577297799,"contam",0.25,2,"case6",0,0,20,1000,3,"RI",6
"CIRG",10.8347069396114,0.0108937763839337,0.217875527678675,0.176669891074331,0.00046764997090886,NA,10.3797971467451,5.06039579382741,NA,1.90384016616596,NA,5,-10.4556198064277,1.42,TRUE,84,9.4909798009287e-05,"contam",0.25,2,"case6",0,0,20,1000,4,"RI",6
"CIRG",12.8458139138923,0.0219990809850705,0.439981619701409,0.264254285794106,0.000266429692748348,NA,11.4998927225651,5.06130113736741,NA,6.24946362433382,NA,2,-11.5810114378071,1,TRUE,29,0.000313733251816267,"contam",0.25,2,"case6",0,0,20,1000,5,"RI",6
"CIRG",10.3975799008825,0.00415099786211832,0.0830199572423663,0.0540749935529515,0.000258801980411626,NA,10.8692896087441,5.06133545806661,NA,3.49424364135874,NA,2,-10.9466113435538,1.33,TRUE,28,-0.000901905850812131,"contam",0.25,2,"case7",0,0,20,1000,1,"RI",7
"CIRG",9.65499519162963,0.00276726390680588,0.0553452781361176,0.00740253999752323,0.0413222936935424,NA,9.96564905817885,4.87825721033515,NA,0.932478103561705,NA,10,-10.0479145752299,2.86000000000001,TRUE,24,0.000265465492368774,"contam",0.25,2,"case7",0,0,20,1000,2,"RI",7
"CIRG",9.38295065293693,0.0023980739563454,0.0479614791269081,0.0591719225230246,0.000242852715865352,NA,9.82674789249956,5.06140722175605,NA,0.683512077752466,NA,2,-9.89529070398249,0.890000000000001,TRUE,27,-0.000475857408967166,"contam",0.25,2,"case7",0,0,20,1000,3,"RI",7
"CIRG",10.7833636615873,0.00357434202108707,0.0714868404217413,0.13572362635809,0.000710455840242552,NA,10.3691827358671,5.05930345346641,NA,1.87466136419639,NA,4,-10.4416976100797,1.56,TRUE,70,-0.0009534440108351,"contam",0.25,2,"case7",0,0,20,1000,4,"RI",7
"CIRG",12.8720619025225,0.00350312147493666,0.0700624294987331,0.58070817980789,0.00416164803391804,NA,11.5476113643927,5.04378990316173,NA,6.490323663983,NA,5,-11.6308208848725,2.05,TRUE,109,0.000181300012752885,"contam",0.25,2,"case7",0,0,20,1000,5,"RI",7
"CIRG",10.3388004389147,0.00707395899215902,0.14147917984318,0.0506723934796706,0.000258900427001699,NA,10.8725043261257,5.06133501510792,NA,3.50627245135956,NA,2,-11.0097444173471,1.29,TRUE,28,-0.000240845249519008,"contam",0.25,2,"case8",0,0,20,1000,1,"RI",8
"CIRG",9.73481466869779,0.00416516325078706,0.0833032650157412,0.00840454716153315,0.000271232270490024,NA,10.0165544623845,5.06127952834974,NA,1.03338297499389,NA,2,-10.1429605742243,2.26,TRUE,29,-1.9877455315738e-05,"contam",0.25,2,"case8",0,0,20,1000,2,"RI",8
"CIRG",9.38188071189025,0.00552911374710221,0.110582274942044,0.0603141544061028,0.000243635874093594,NA,9.82145453374404,5.06140369792502,NA,0.674787551008633,NA,2,-9.9478705592894,0.950000000000003,TRUE,27,0,"contam",0.25,2,"case8",0,0,20,1000,3,"RI",8
"CIRG",10.8393987951553,0.006872049083461,0.13744098166922,0.129632890047634,0.000270040733398761,NA,10.3657329396318,5.0612848896217,NA,1.86522646239533,NA,2,-10.4954435618934,1.08,TRUE,29,0.000126122087044096,"contam",0.25,2,"case8",0,0,20,1000,4,"RI",8
"CIRG",12.8593740326221,0.0103872911166331,0.207745822332662,0.582588225174898,0.0002904855805694,NA,11.4976357524532,5.06119289926931,NA,6.23818435193255,NA,2,-11.642010097659,1.17,TRUE,32,0,"contam",0.25,2,"case8",0,0,20,1000,5,"RI",8
"CIRG",10.4958914133562,0.0039580336479645,0.0791606729592899,0.0506774647470725,0.000291929196125101,NA,10.8724336324836,5.06118640384009,NA,3.5060077080558,NA,2,-11.0265957465648,1.79000000000001,TRUE,31,0.00105980299815699,"contam",0.25,2,"case9",0,0,20,1000,1,"RI",9
"CIRG",9.67147790603955,0.00240931320989562,0.0481862641979124,0.00843528428330408,0.00030276527178867,NA,10.0164788738141,5.06113764794376,NA,1.03322930091038,NA,2,-10.1527137637381,1.09999999999999,TRUE,33,-0.000778579907964476,"contam",0.25,2,"case9",0,0,20,1000,2,"RI",9
"CIRG",9.3273407738494,0.00296987328596011,0.0593974657192021,0.0603114993781058,0.000285001841442198,NA,9.8213663241889,5.06121757293956,NA,0.67464263851159,NA,2,-9.95703610514313,1.06,TRUE,31,-0.000311785096747914,"contam",0.25,2,"case9",0,0,20,1000,3,"RI",9
"CIRG",10.8493465630745,0.0036398287213742,0.072796574427484,0.129703676095258,0.000257360235452554,NA,10.3657586206569,5.06134194517475,NA,1.8652966098987,NA,2,-10.5090090081616,1.26000000000001,TRUE,28,-0.000356877583683999,"contam",0.25,2,"case9",0,0,20,1000,4,"RI",9
"CIRG",13.0012547732057,0.00613399713355351,0.12267994267107,0.582723500404407,0.000351127330379733,NA,11.4974980873291,5.06092005030369,NA,6.23749669621254,NA,2,-11.6541428068691,1.47,TRUE,40,-0.000501402938896936,"contam",0.25,2,"case9",0,0,20,1000,5,"RI",9
"CIRG",11.0243055809309,0.0155969044867467,0.311938089734933,0.0870358707587719,8.49359492086285,NA,2.4968195104343,38.9824775358244,NA,42.291356479868,NA,5,-2.51730231102533,0.959999999999994,TRUE,4,-0.000422662262300526,"contam",0.25,2,"case1",0,1,20,1000,1,"RI",1
"CIRG",10.2315794388788,0.0175536723842655,0.351073447685311,0.000227084965017064,7.30540590317673,NA,2.35983981369281,25.5571288458741,NA,44.0917272998191,NA,5,-2.37933251778183,0.790000000000006,TRUE,4,8.80265759111729e-05,"contam",0.25,2,"case1",0,1,20,1000,2,"RI",1
"CIRG",9.80512435167274,0.0309040966927889,0.618081933855779,0.0590473903888623,6.31800697862245,NA,3.51499284367559,16.5486807781209,NA,30.08530350493,NA,2,-3.54115213078047,0.579999999999998,TRUE,4,-0.000311333187648529,"contam",0.25,2,"case1",0,1,20,1000,3,"RI",1
"CIRG",11.3086556946596,0.0188666877455278,0.377333754910557,0.0751842365453469,6.54947323483001,NA,3.9188780985796,18.4854700970197,NA,25.817799777094,NA,2,-3.94777046829335,0.609999999999999,TRUE,4,-0.00150321140414029,"contam",0.25,2,"case1",0,1,20,1000,4,"RI",1
"CIRG",13.5068818744008,0.0233269663543789,0.466539327087577,0.700076435036901,7.45681040796974,NA,4.14432282761757,27.110874624542,NA,23.5776008023958,NA,2,-4.17466883767095,0.650000000000006,TRUE,4,-0.000959261220694975,"contam",0.25,2,"case1",0,1,20,1000,5,"RI",1
"CIRG",10.4266067228306,0.00728495170265655,0.145699034053131,0.0452300021664208,0.174759067549605,NA,10.7443284974321,4.30662492771758,NA,3.04268190695378,NA,10,-10.8450870800213,0.959999999999994,TRUE,11,-0.00122259946017554,"contam",0.25,2,"case2",0,1,20,1000,1,"RI",2
"CIRG",9.72257705412512,0.00416592638457204,0.0833185276914408,0.00845356023715082,0.000343718133768324,NA,10.0163941517143,5.0609533865402,NA,1.03305707163906,NA,2,-10.0871377400021,1.08,TRUE,38,-0.000857193243040347,"contam",0.25,2,"case2",0,1,20,1000,2,"RI",2
"CIRG",9.32501778479283,0.00553321291362413,0.110664258272483,0.0603408400162361,0.000355834647087364,NA,9.82120390463005,5.0608988707064,NA,0.674375852979637,NA,2,-9.8911249431918,1.18000000000001,TRUE,42,-0.000931488440063667,"contam",0.25,2,"case2",0,1,20,1000,3,"RI",2
"CIRG",10.838283320469,0.00710201127980971,0.142040225596194,0.136763366440642,0.0286682368870227,NA,10.3454736699865,4.93431480181461,NA,1.81029939662692,NA,4,-10.4244729297233,1.14999999999999,TRUE,17,-0.00117308771765806,"contam",0.25,2,"case2",0,1,20,1000,4,"RI",2
"CIRG",12.873481552688,0.0103893608474715,0.207787216949431,0.582516933675916,0.000362971100365667,NA,11.4974769016374,5.06086676179637,NA,6.23739087421211,NA,2,-11.5778585483692,1.30000000000001,TRUE,41,-0.000717277529769948,"contam",0.25,2,"case2",0,1,20,1000,5,"RI",2
"CIRG",11.3773978020917,0.02538349556918,0.5076699113836,0.234805620816391,8.18418636117934,NA,3.36359443551323,35.214567769207,NA,31.7690676873774,NA,8,-3.39435575450027,0.950000000000003,TRUE,4,0.156314639298144,"contam",0.25,2,"case3",0,1,20,1000,1,"RI",3
"CIRG",9.65541901107282,0.007703027056616,0.15406054113232,0.00996135941656139,0.000428991341779621,NA,10.0053692282661,5.06056972299556,NA,1.01076728514433,NA,2,-10.076056746454,1.48,TRUE,60,0.116991644432206,"contam",0.25,2,"case3",0,1,20,1000,2,"RI",3
"CIRG",9.8148073259212,0.0279748857357413,0.559497714714825,0.0106784264624465,4.56203494885013,NA,5.16229623130086,5.34550560470441,NA,14.7279702162876,NA,3,-5.20248008951034,0.859999999999999,TRUE,4,0.0964934985044225,"contam",0.25,2,"case3",0,1,20,1000,3,"RI",3
"CIRG",10.5894466611426,0.0237412490342232,0.474824980684463,0.0187425189033634,0.500875910864301,NA,10.217266020018,3.05943507919479,NA,1.48173656349043,NA,2,-10.2926582806832,0.700000000000003,TRUE,8,0.109735053406967,"contam",0.25,2,"case3",0,1,20,1000,4,"RI",3
"CIRG",12.8707537345861,0.0120390636728832,0.240781273457665,0.613704813375248,0.000279804053960379,NA,11.5235491127749,5.06124096004749,NA,6.36830012458722,NA,2,-11.6043849046051,1,TRUE,30,0.0947377292979493,"contam",0.25,2,"case3",0,1,20,1000,5,"RI",3
"CIRG",10.321136561018,0.00730939233900282,0.146187846780056,0.0361661306116081,0.254926521578227,NA,10.7409960016183,3.98031818430195,NA,3.03106707765093,NA,2,-10.8188868733376,0.670000000000002,TRUE,10,0.115099689659336,"contam",0.25,2,"case4",0,1,20,1000,1,"RI",4
"CIRG",9.69821792185259,0.00460586859551486,0.0921173719102973,0.0129995619562159,0.101890576485419,NA,9.98009783739263,4.61437409539214,NA,0.960591770861711,NA,2,-10.0532657788952,0.760000000000005,TRUE,16,0.124208496325124,"contam",0.25,2,"case4",0,1,20,1000,2,"RI",4
"CIRG",9.22834545674716,0.00598192721601377,0.119638544320275,0.0283475738939468,0.0500856136104885,NA,9.72636680267812,4.83962330744354,NA,0.527608732032835,NA,2,-9.79755585890005,0.929999999999993,TRUE,22,0.10764616112428,"contam",0.25,2,"case4",0,1,20,1000,3,"RI",4
"CIRG",10.6847452331476,0.00708762136488755,0.141752427297751,0.0253675454369308,0.453150792468282,NA,10.2169101462575,3.22866707460736,NA,1.48087030406446,NA,2,-10.2927196161654,0.720000000000013,TRUE,8,0.116473106509231,"contam",0.25,2,"case4",0,1,20,1000,4,"RI",4
"CIRG",12.8109044295916,0.0100428333905704,0.200856667811409,0.589072884348416,0.191176472211536,NA,11.4210851767231,4.23875431857534,NA,5.86165343294817,NA,2,-11.5043037873883,0.909999999999997,TRUE,11,0.100417375197922,"contam",0.25,2,"case4",0,1,20,1000,5,"RI",4
"CIRG",10.3144383653755,0.00272305755163177,0.0544611510326354,0.0494243397857815,0.000307866351185001,NA,10.8834092375811,5.06111469620136,NA,3.54723035620567,NA,2,-10.9605406054648,1.06,TRUE,33,0.000398908645045261,"contam",0.25,2,"case5",0,1,20,1000,1,"RI",5
"CIRG",9.69535458390526,0.00295204117869259,0.0590408235738519,0.00955928742122248,0.0628919579142433,NA,9.97139514069989,4.78344158775619,NA,0.943608519375353,NA,2,-10.0432912265598,0.769999999999996,TRUE,13,0.000437240064494619,"contam",0.25,2,"case5",0,1,20,1000,2,"RI",5
"CIRG",9.46198342206436,0.00879365440725631,0.175873088145126,0.0563432215978791,0.563688740707075,NA,9.37683932151513,2.84364566321809,NA,0.142007874239983,NA,8,-9.46662544388736,0.910000000000011,TRUE,7,0.00103901912034174,"contam",0.25,2,"case5",0,1,20,1000,3,"RI",5
"CIRG",11.0475678884314,0.00647662615734036,0.129532523146807,0.118052832212866,0.5674037397402,NA,9.92895467673903,2.83113017504026,NA,0.862956791435309,NA,13,-10.0376937912409,2.65000000000001,TRUE,8,-0.00054155042374261,"contam",0.25,2,"case5",0,1,20,1000,4,"RI",5
"CIRG",12.9834056801122,0.00776216472323557,0.155243294464711,0.582425691204931,0.283193408478907,NA,11.3689693125603,3.86832816845082,NA,5.61201560385253,NA,5,-11.4620679382982,0.989999999999995,TRUE,9,-0.00133080757846118,"contam",0.25,2,"case5",0,1,20,1000,5,"RI",5
"CIRG",11.0187463534043,0.0209277580175924,0.418555160351847,0.216159536218478,10.7205963011137,NA,2.15821432629584,71.7510016964414,NA,46.8100312049035,NA,3,-2.17416892144447,1.14,TRUE,4,0.000936011286562533,"contam",0.25,2,"case6",0,1,20,1000,1,"RI",6
"CIRG",10.1959485784972,0.0112938569535233,0.225877139070465,0.769939115775647,7.0007589042844,NA,2.23612913308513,22.5697101666375,NA,45.7499491042997,NA,5,-2.2544963373756,0.810000000000002,TRUE,4,-0.00193418622240059,"contam",0.25,2,"case6",0,1,20,1000,2,"RI",6
"CIRG",10.0497574514574,0.014155688928548,0.28311377857096,0.0631582898067264,9.75014112647071,NA,1.94984688729412,56.2521169169774,NA,49.7046589125965,NA,3,-1.96463110026416,0.719999999999999,TRUE,4,0.000216655388966129,"contam",0.25,2,"case6",0,1,20,1000,3,"RI",6
"CIRG",12.0143441771499,0.0214597422960893,0.429194845921787,0.212747424653585,8.71208709002756,NA,2.24518080728658,41.7585695591008,NA,45.6275823262496,NA,4,-2.26347582684071,1.06,TRUE,4,-0.00254973115817834,"contam",0.25,2,"case6",0,1,20,1000,4,"RI",6
"CIRG",13.4811583493397,0.0390917894914401,0.781835789828803,0.0140184636306451,11.171408939509,NA,2.27409600824979,79.5915374659502,NA,45.2377845062415,NA,3,-2.2913961621627,0.670000000000002,TRUE,4,0.000920367498545011,"contam",0.25,2,"case6",0,1,20,1000,5,"RI",6
"CIRG",10.7511532351537,0.014069813708962,0.28139627417924,0.0240637588815573,1.17561419042048,NA,10.2511068877594,1.15430486782585,NA,1.56526844459904,NA,7,-10.3428307269995,0.870000000000005,TRUE,19,-0.000287310317005489,"contam",0.25,2,"case7",0,1,20,1000,1,"RI",7
"CIRG",9.96235976474962,0.0167427044467771,0.334854088935541,0.02712911500063,0.856665492309425,NA,9.44763267492551,1.94138105032134,NA,0.200375011660964,NA,5,-9.52321648300223,0.810000000000002,TRUE,7,-0.000690070851548722,"contam",0.25,2,"case7",0,1,20,1000,2,"RI",7
"CIRG",9.38295065293693,0.0023980739563454,0.0479614791269081,0.0591719225230246,0.000242852715865352,NA,9.82674789249956,5.06140722175605,NA,0.683512077752466,NA,2,-9.89529070398249,0.990000000000009,TRUE,27,-0.000475857408967166,"contam",0.25,2,"case7",0,1,20,1000,3,"RI",7
"CIRG",10.9896159472722,0.0165794251665115,0.33158850333023,0.0848868275678502,0.756957713578785,NA,9.75441321656606,2.22917526904189,NA,0.569139301329547,NA,6,-9.8370588670699,0.940000000000012,TRUE,6,1.57564643060628e-06,"contam",0.25,2,"case7",0,1,20,1000,4,"RI",7
"CIRG",13.0679099050427,0.0100014234877381,0.200028469754763,0.703040325473334,0.819959154606341,NA,11.1702223950675,2.04501681949421,NA,4.70986524405258,NA,3,-11.2548632658047,1.09999999999999,TRUE,7,-0.000909381167549307,"contam",0.25,2,"case7",0,1,20,1000,5,"RI",7
"CIRG",10.5187851380958,0.00728495170265655,0.145699034053131,0.0452300021664208,0.174759067549605,NA,10.7443284974321,4.30662492771758,NA,3.04268190695378,NA,10,-10.9230291323879,0.949999999999989,TRUE,11,0.000721825224111739,"contam",0.25,2,"case8",0,1,20,1000,1,"RI",8
"CIRG",9.7334917470445,0.00416592638457204,0.0833185276914408,0.00845356023715082,0.000343718133768324,NA,10.0163941517143,5.0609533865402,NA,1.03305707163906,NA,2,-10.1430737473096,1.08999999999999,TRUE,38,0,"contam",0.25,2,"case8",0,1,20,1000,2,"RI",8
"CIRG",9.38301865443019,0.00553321291362413,0.110664258272483,0.0603408400162361,0.000355834647087364,NA,9.82120390463005,5.0608988707064,NA,0.674375852979637,NA,2,-9.94720518166032,1.17,TRUE,42,0.00163696055583361,"contam",0.25,2,"case8",0,1,20,1000,3,"RI",8
"CIRG",10.86125550498,0.00710201127980971,0.142040225596194,0.136763366440642,0.0286682368870227,NA,10.3454736699865,4.93431480181461,NA,1.81029939662692,NA,4,-10.4898657187058,1.08,TRUE,17,0.00160940071569216,"contam",0.25,2,"case8",0,1,20,1000,4,"RI",8
"CIRG",12.8603291162688,0.0103893608474715,0.207787216949431,0.582516933675916,0.000362971100365667,NA,11.4974769016374,5.06086676179637,NA,6.23739087421211,NA,2,-11.6419695702291,1.28,TRUE,41,0,"contam",0.25,2,"case8",0,1,20,1000,5,"RI",8
"CIRG",11.1537112542548,0.0207491196570827,0.414982393141654,0.0482910450872952,2.30541384873378,NA,8.84325699178647,0.00307069463149058,NA,0.0245683706238262,NA,9,-8.99854537986596,0.920000000000002,TRUE,5,0.00382887955676734,"contam",0.25,2,"case9",0,1,20,1000,1,"RI",9
"CIRG",10.5288310587594,0.142871093512475,2.8574218702495,0.00311294011088943,5.44914281998672,NA,7.4967779861211,10.2345147826726,NA,2.25967642301013,NA,2,-7.60107276707417,0.640000000000001,TRUE,5,-0.000746430336900046,"contam",0.25,2,"case9",0,1,20,1000,2,"RI",9
"CIRG",10.0111434608655,0.0265581616348496,0.531163232696991,0.064500522720832,0.711779134874654,NA,9.56049660596887,2.36612342990697,NA,0.314156445302627,NA,2,-9.69965068169007,0.680000000000007,TRUE,7,0.000112692067148834,"contam",0.25,2,"case9",0,1,20,1000,3,"RI",9
"CIRG",12.5437585754331,0.0562435002535077,1.12487000507015,0.157287137460641,3.61270921919737,NA,7.79569517018109,1.85697641608549,NA,1.45035012312514,NA,5,-7.91764161160858,0.859999999999999,TRUE,5,0.00272302770422752,"contam",0.25,2,"case9",0,1,20,1000,4,"RI",9
"CIRG",14.6525221278523,0.0448461122232628,0.896922244465256,0.58434364303527,3.40428293374574,NA,8.83435731177851,1.33236909113667,NA,0.0274375001612431,NA,7,-8.97512963990161,0.810000000000002,TRUE,5,-0.000150750957188997,"contam",0.25,2,"case9",0,1,20,1000,5,"RI",9
"CIRG",11.3127151449317,0.0117969813998271,0.235939627996542,0.0412229680102597,0.00013810728855974,0.000576567049681272,11.0978774968731,5.06187853627511,0.00988501901962652,4.40108999188669,0.011926482804235,2,-11.1772667387827,2.73,TRUE,59,7.53741484076579e-05,"contam",0.25,2,"case1",0.1,0,20,1000,1,"RS",1
"CIRG",9.91256623421848,0.0155817981801424,0.311635963602848,0.00958895956246966,0.00036485235907062,0.00147613789563511,10.6829696060657,5.06085829750143,0.00970695140395991,2.8323866949408,0.0119160937087996,4,-10.7650908544113,4.06999999999999,TRUE,130,-0.00138280793195331,"contam",0.25,2,"case1",0.1,0,20,1000,2,"RS",1
"CIRG",10.6254992464508,0.0141402243079813,0.282804486159626,0.0722632061431574,0.000120678883569139,0.000650380152485691,10.5975531155657,5.06195695958733,0.00987034696384561,2.55217595705367,0.0119259952355198,2,-10.6750499657681,3.08000000000001,TRUE,65,0.000466649959866331,"contam",0.25,2,"case1",0.1,0,20,1000,3,"RS",1
"CIRG",12.5531931779472,0.011314208904876,0.226284178097521,0.124517056707653,0.000172347059192404,0.0015680968609126,10.8785485719859,5.06172446793714,0.00968883955558269,3.52894473731011,0.0119172364150766,4,-10.9626760447922,6.93999999999998,TRUE,137,-0.000561804212165243,"contam",0.25,2,"case1",0.1,0,20,1000,4,"RS",1
"CIRG",13.3409638568769,0.0223463679422313,0.446927358844626,0.623443714819975,0.000139966215077779,0.000687657954475957,12.1019621207099,5.06187017162269,0.00986294128256716,9.62216899831901,0.0119254625788527,2,-12.1887915598092,3.17000000000002,TRUE,69,-0.00129414449853587,"contam",0.25,2,"case1",0.1,0,20,1000,5,"RS",1
"CIRG",12.6419509170704,0.0121921373317349,0.243842746634697,0.0285412201055438,0.000291294548209163,0.000319013540510811,12.2709853244476,5.06118925938557,0.00993629906153687,10.6993449927513,0.0119272454435744,2,-12.3592224376667,2.34,TRUE,37,-0.00116487928135523,"contam",0.25,2,"case2",0.1,0,20,1000,1,"RS",2
"CIRG",11.0563181902829,0.0188623216695945,0.377246433391889,0.0145044708397412,0.000202225930132615,0.000497415799993498,11.8189191478477,5.06159002420973,0.00990076426247938,7.94630516210213,0.0119265426518352,4,-11.9089158143006,7.50999999999999,TRUE,216,-7.86306278186139e-05,"contam",0.25,2,"case2",0.1,0,20,1000,2,"RS",2
"CIRG",11.0697274786818,0.00759237768509271,0.151847553701854,0.0596155520872388,0.000129498891287571,0.000196911208665289,11.7070348076774,5.06191727175917,0.00996065653229104,7.3280374499772,0.011930000912483,2,-11.7920807370559,3.07999999999998,TRUE,70,-0.000800146936320156,"contam",0.25,2,"case2",0.1,0,20,1000,3,"RS",2
"CIRG",14.0718231512991,0.00900832612659172,0.180166522531834,0.128270916396354,0.00359472568322493,0.000207141773652211,12.0100003605426,5.04633665647823,0.00995861455298395,9.06010217046678,0.0118945781123309,3,-12.0985150804152,2.35999999999999,TRUE,189,-0.00109601474957137,"contam",0.25,2,"case2",0.1,0,20,1000,4,"RS",2
"CIRG",14.4785882272547,0.0177660651554769,0.355321303109538,0.557802099789625,0.000401745611710642,0.000346867953544581,13.6118439750295,5.06069230614684,0.00993074672666828,21.2691048500157,0.011925866758912,2,-13.7099196258764,2.78,TRUE,53,-0.00034785307298183,"contam",0.25,2,"case2",0.1,0,20,1000,5,"RS",2
"CIRG",11.338311393524,0.0119554632542746,0.239109265085491,0.0127368111553017,0.000424759101936285,0.00824978659673084,11.0152748158677,5.06058876446158,0.00841810165954543,4.06133258347052,0.0118570312871939,2,-11.1130028670445,2.55000000000001,TRUE,54,0.108095600772412,"contam",0.25,2,"case3",0.1,0,20,1000,1,"RS",3
"CIRG",10.1718165107263,0.0149410025893486,0.298820051786972,0.00121619558401966,0.00100403221171992,0.00850802054656656,10.8737111988043,5.05798286312794,0.00837078230430749,3.51079365652478,0.0118489762113698,4,-10.9881177538876,5.34,TRUE,113,0.14701307125495,"contam",0.25,2,"case3",0.1,0,20,1000,2,"RS",3
"CIRG",10.8675696358805,0.0141062306584889,0.282124613169779,0.0487786688745295,0.00015516489753043,0.000487981661148072,10.7945835367535,5.06180178203726,0.009902641793872,3.22053007038653,0.0119271079771308,2,-10.8731092215729,6.57999999999998,TRUE,162,0.0996135110995985,"contam",0.25,2,"case3",0.1,0,20,1000,3,"RS",3
"CIRG",12.6649901948799,0.014866997243578,0.297339944871559,0.0372885759919923,0.0569763467166558,0.00187510963761262,10.8667697950194,4.80935274386022,0.00962849410863054,3.48482946759667,0.0113422281769452,2,-10.9518391457471,8.55000000000001,TRUE,217,0.108157726561754,"contam",0.25,2,"case3",0.1,0,20,1000,4,"RS",3
"CIRG",13.2229566114023,0.0193161527047786,0.386323054095572,0.799435444269649,0.038843784169703,0.00693330696980863,11.8798811069213,4.88921181080496,0.00866140935157587,8.29371519000203,0.011479455777407,2,-11.9839771101061,2.75,TRUE,59,0.0952602910501632,"contam",0.25,2,"case3",0.1,0,20,1000,5,"RS",3
"CIRG",13.9282865031641,0.0145049045403002,0.290098090806005,0.0223939749163379,0.111076830676949,0.00544089352496589,13.2289137143244,4.57499232426697,0.00894142461735684,17.8837112032008,0.0107796390399413,2,-13.3546514925396,1.63999999999999,TRUE,27,0.116191930849372,"contam",0.25,2,"case4",0.1,0,20,1000,1,"RS",4
"CIRG",14.3700217214577,0.0243340468564708,0.486680937129417,0.00899183747398803,1.28583265040016,0.00270289139581092,14.9438535147387,0.929618678034389,0.00946672734273537,35.3293946046712,0.00253730889997527,2,-15.0750239798504,2.78,TRUE,61,0.124208496325124,"contam",0.25,2,"case4",0.1,0,20,1000,2,"RS",4
"CIRG",13.9663474324174,0.0114276735909513,0.228553471819025,0.353498251414731,0.209539272386664,0.00443805621202323,14.2667222209909,4.16347998093234,0.00913208510053643,27.7383629530795,0.00985515120848769,2,-14.39804287348,1.81999999999999,TRUE,33,0.107868703276972,"contam",0.25,2,"case4",0.1,0,20,1000,3,"RS",4
"CIRG",14.8046943330294,0.0080319510168706,0.160639020337412,0.0340631260834584,0.171548444659963,0.00433539533052625,12.6239643555163,4.31996086789542,0.0091517165865667,13.1331176500523,0.0102108734685414,2,-12.7430915540673,1.71000000000001,TRUE,31,0.117412929545486,"contam",0.25,2,"case4",0.1,0,20,1000,4,"RS",4
"CIRG",16.1693041973554,0.0176348806650644,0.352697613301288,0.902335459575289,0.169855079830212,0.00211762937881285,15.2836591202569,4.32700288890817,0.00958095847842344,39.4843719395882,0.0102463085226228,2,-15.4120903476753,2.41999999999999,TRUE,47,0.100417375197922,"contam",0.25,2,"case4",0.1,0,20,1000,5,"RS",4
"CIRG",12.1735745815116,0.00827588780288305,0.165517756057661,0.0524039226505667,0.000137329562401071,0.000402653208461812,12.8539092533802,5.0618820358286,0.00991963148791392,14.8526165332894,0.0119280604661834,2,-12.9495683163228,3.07000000000002,TRUE,70,-0.00036111970371388,"contam",0.25,2,"case5",0.1,0,20,1000,1,"RS",5
"CIRG",12.2491704437064,0.0118121894436605,0.23624378887321,0.0172538273076875,0.0159532481284815,0.000125321083173473,12.2433027106569,4.99096488954768,0.00997495148873919,10.5190124729541,0.011769759454246,2,-12.3314701545296,5.29999999999998,TRUE,77,0.000783398564664974,"contam",0.25,2,"case5",0.1,0,20,1000,2,"RS",5
"CIRG",12.0988771183683,0.0107199793014715,0.21439958602943,0.0732545875204058,0.000277360963763776,0.000363231107088134,12.2505754341257,5.06125195259217,0.00992748571541953,10.5662406529417,0.011926987906804,2,-12.3430431240328,2.10999999999999,TRUE,37,0.00183786937864235,"contam",0.25,2,"case5",0.1,0,20,1000,3,"RS",5
"CIRG",13.99301672577,0.00740852318061091,0.148170463612218,0.137995954232459,0.000270446782281281,0.000348444217940235,12.5435949532585,5.0612830626212,0.00993043256978497,12.5570651927591,0.0119271920952764,2,-12.636323401037,3.88999999999999,TRUE,43,0.000672951511576092,"contam",0.25,2,"case5",0.1,0,20,1000,4,"RS",5
"CIRG",15.3864294188717,0.00686677874609826,0.137335574921965,0.527092750836312,0.000712012679938081,0.000685457663157752,13.5526594123025,5.05929644990234,0.00986337831957643,20.7267077244263,0.0119196462954509,4,-13.6584867394994,3.57999999999998,TRUE,90,0.000703470253604996,"contam",0.25,2,"case5",0.1,0,20,1000,5,"RS",5
"CIRG",12.5326466166772,0.0139228896363314,0.278457792726629,0.00626553280728497,7.32459602120506e-05,4.06129109789261e-05,11.8583621724772,5.06217039854402,0.00999187906721275,8.17023430904863,0.0119319908841004,2,-11.9403819847062,11.01,TRUE,233,-0.00123285965260552,"contam",0.25,2,"case6",0.1,0,20,1000,1,"RS",6
"CIRG",12.6089434026878,0.0228316750924297,0.456633501848594,0.790214638314592,5.68099548711312e-05,3.83873247369995e-05,13.5266791172333,5.06224435843045,0.0099923240086393,20.4908238303964,0.0119321787723429,2,-13.6213832566655,12.36,TRUE,257,-0.00233317255228848,"contam",0.25,2,"case6",0.1,0,20,1000,2,"RS",6
"CIRG",12.9669316429839,0.0197675805957512,0.395351611915024,0.709174850270291,5.32516527577214e-05,3.86686166601544e-05,13.265743128594,5.06226037039833,0.00999226777192988,18.1965644391472,0.0119322125302425,2,-13.3596910124189,16.52,FALSE,300,0.00215982577297799,"contam",0.25,2,"case6",0.1,0,20,1000,3,"RS",6
"CIRG",14.4739773020126,0.0163826964070211,0.327653928140423,0.978775698692194,0.000542475068591395,0.000248709273827225,12.4886326684814,5.06005915647054,0.00995032000153744,12.1705578955955,0.0119253187222251,5,-12.5829887699731,11.34,FALSE,300,9.4909798009287e-05,"contam",0.25,2,"case6",0.1,0,20,1000,4,"RS",6
"CIRG",15.7012918527053,0.0287114820629174,0.574229641258348,2.70896456732578,5.62151535745018e-05,4.70339747452264e-05,13.9767401187873,5.06224703496906,0.00999059541724574,24.7679422099469,0.011932106447424,2,-14.0756309760794,14.07,FALSE,300,0.000313733251816267,"contam",0.25,2,"case6",0.1,0,20,1000,5,"RS",6
"CIRG",17.4510108948409,0.00693348528854265,0.138669705770853,0.0285836120625326,0.000260225590064756,5.26940424691711e-05,15.7704675100163,5.06132905256207,0.00998946396816828,45.8392303041858,0.011929973541781,3,-15.88397684701,8.00999999999999,TRUE,143,-0.000363642388011124,"contam",0.25,2,"case7",0.1,0,20,1000,1,"RS",7
"CIRG",20.4035670512134,0.0180178996613897,0.360357993227795,0.00233989605028442,0.00253989131710786,0.000833327531602738,20.3559398862137,5.05107694012092,0.00983402892845438,128.957370699299,0.0118996769131293,21,-20.5487427982999,12.19,FALSE,300,-0.00042671661664353,"contam",0.25,2,"case7",0.1,0,20,1000,2,"RS",7
"CIRG",23.9848524410987,0.0194902431247613,0.389804862495225,0.0126713047769199,0.000198311926238893,5.11348983148739e-05,23.9778001746035,5.06160763565955,0.00998977563511485,224.334498070353,0.0119306193840405,2,-24.1455584714816,8.19999999999999,TRUE,183,-0.000475857408967166,"contam",0.25,2,"case7",0.1,0,20,1000,3,"RS",7
"CIRG",18.0444990098646,0.0100740928843942,0.201481857687883,0.13136566122579,0.000788070590058975,0.000268135242504856,15.417565605719,5.05895430339999,0.0099464448480073,41.1851483037081,0.01192263764254,4,-15.5334254329867,10.31,TRUE,229,-0.0009534440108351,"contam",0.25,2,"case7",0.1,0,20,1000,4,"RS",7
"CIRG",20.5609702565458,0.0201665791536935,0.40333158307387,0.654228929244181,0.00240513690839498,0.000964037516314134,21.2007177096941,5.05168266859577,0.00980812186507004,148.857512631643,0.0118998755235764,5,-21.3779088875834,10.47,TRUE,245,0.000181300012752885,"contam",0.25,2,"case7",0.1,0,20,1000,5,"RS",7
"CIRG",15.2995090237578,0.0121921373317349,0.243842746634697,0.0285412201055438,0.000291294548209163,0.000319013540510811,12.2709853244476,5.06118925938557,0.00993629906153687,10.6993449927513,0.0119272454435744,2,-12.4341050911031,2.52999999999997,TRUE,37,-0.000240845249519008,"contam",0.25,2,"case8",0.1,0,20,1000,1,"RS",8
"CIRG",16.0052664363408,0.0188310012115993,0.376620024231986,0.012625872329802,0.000102734630051106,0.000173260265759488,11.8261995655731,5.06203770471917,0.00996537796596779,7.9874039844455,0.0119304881270715,2,-11.9793635492307,7.66999999999996,TRUE,91,-1.9877455315738e-05,"contam",0.25,2,"case8",0.1,0,20,1000,2,"RS",8
"CIRG",17.3630329048108,0.00759237768509271,0.151847553701854,0.0596155520872388,0.000129498891287571,0.000196911208665289,11.7070348076774,5.06191727175917,0.00996065653229104,7.3280374499772,0.011930000912483,2,-11.8621751982461,3.41999999999996,TRUE,70,0,"contam",0.25,2,"case8",0.1,0,20,1000,3,"RS",8
"CIRG",17.2028643327891,0.00900832612659172,0.180166522531834,0.128270916396354,0.00359472568322493,0.000207141773652211,12.0100003605426,5.04633665647823,0.00995861455298395,9.06010217046678,0.0118945781123309,3,-12.1717838767885,2.83000000000004,TRUE,189,-7.11385761647082e-05,"contam",0.25,2,"case8",0.1,0,20,1000,4,"RS",8
"CIRG",19.1870887187934,0.0177660651554769,0.355321303109538,0.557802099789625,0.000401745611710642,0.000346867953544581,13.6118439750295,5.06069230614684,0.00993074672666828,21.2691048500157,0.011925866758912,2,-13.7909567846443,3.02999999999997,TRUE,53,0,"contam",0.25,2,"case8",0.1,0,20,1000,5,"RS",8
"CIRG",13.8150598837451,0.0102073745643229,0.204147491286458,0.032623859848847,0.000251841790757851,0.000341308485710294,12.1692084907312,5.06136677536588,0.00993185479434036,10.043882457723,0.0119274464200741,2,-12.3481447150121,6.04999999999995,TRUE,36,0.00105980299815699,"contam",0.25,2,"case9",0.1,0,20,1000,1,"RS",9
"CIRG",12.5497917869429,0.0115536248955689,0.231072497911378,0.00494034277937214,0.000212960794837469,0.000451383047904263,12.1823934645832,5.06154172177553,0.00990992713707508,10.1276281634216,0.0119268486723742,2,-12.356262159871,2.46999999999997,TRUE,47,-0.000778579907964476,"contam",0.25,2,"case9",0.1,0,20,1000,2,"RS",9
"CIRG",14.3307272915259,0.00766981155068847,0.153396231013769,0.0801611141268503,0.000226712738352463,0.000376848068729481,11.5100512000837,5.06147984407608,0.00992477240072101,6.30035702704157,0.0119273816147177,2,-11.6761594052314,2.17000000000002,TRUE,39,-0.000311785096747914,"contam",0.25,2,"case9",0.1,0,20,1000,3,"RS",9
"CIRG",15.0138731327332,0.00560314560361214,0.112062912072243,0.11108343801563,0.000194476315399308,0.000287407530955672,11.7429925053973,5.06162489440174,0.00994260109689772,7.52400788466586,0.0119285190846705,2,-11.9105330396528,4.05000000000001,TRUE,47,-0.000356877583683999,"contam",0.25,2,"case9",0.1,0,20,1000,4,"RS",9
"CIRG",16.3856216282127,0.013893578825122,0.277871576502439,0.599330971341989,0.000248639349497288,0.000392497362053729,13.0725922390216,5.06138118474879,0.00992165458176848,16.5860075453388,0.0119270164997373,2,-13.2576778844542,3.78000000000003,TRUE,41,-0.000501402938896936,"contam",0.25,2,"case9",0.1,0,20,1000,5,"RS",9
"CIRG",11.9620940236898,0.019878277931956,0.39756555863912,0.0401518014554408,9.40484508079645,0.00905100095187248,2.53418820459739,51.1918081301972,0.0082717204278563,41.8067221735675,0.116456332287425,4,-2.57670739597595,2.11000000000001,TRUE,25,-0.00205548234263912,"contam",0.25,2,"case1",0.1,1,20,1000,1,"RS",1
"CIRG",10.3274184355475,0.0269472574751367,0.538945149502734,0.0133424875053348,9.19081517437545,0.00494796442535328,2.24413335749876,48.1749152848405,0.00903488946688391,45.641734091261,0.109649916267978,4,-2.27687336596138,2.20999999999998,TRUE,34,0.000957404401557406,"contam",0.25,2,"case1",0.1,1,20,1000,2,"RS",1
"CIRG",10.9254535683033,0.0249717515922174,0.499435031844348,0.0670628817061335,6.8378859628344,0.000344649865404141,3.82987207143532,21.0486976079729,0.0099311888104489,26.7302227977245,0.0481798670843126,2,-3.85944208658725,2,TRUE,37,0.000565742942095309,"contam",0.25,2,"case1",0.1,1,20,1000,3,"RS",1
"CIRG",13.4429921172182,0.0191798887877955,0.383597775755909,0.0292789436373431,9.59657622158296,0.00220547152640105,2.30750891644394,53.9721821795282,0.00956376979937356,44.7894369034774,0.122819631690512,4,-2.33405797607583,3.55000000000001,TRUE,69,0.00201544251157373,"contam",0.25,2,"case1",0.1,1,20,1000,4,"RS",1
"CIRG",13.8861816175116,0.042556463700719,0.851129274014381,0.586005138685187,7.85975573536464,0.000341293121301638,4.34859565072656,31.4693594104565,0.00993185785673432,21.6355624204399,0.0718095160262838,2,-4.38142176559675,1.88999999999999,TRUE,37,0.000175165674726672,"contam",0.25,2,"case1",0.1,1,20,1000,5,"RS",1
"CIRG",12.6410248159343,0.0121626063453145,0.24325212690629,0.0282401622894727,0.000274278992141319,0.00032400368076777,12.2706873136592,5.06126581976433,0.0099353042422316,10.6973955037315,0.0119273739333537,2,-12.3589312089625,2.22999999999996,TRUE,37,-0.000777914978342015,"contam",0.25,2,"case2",0.1,1,20,1000,1,"RS",2
"CIRG",11.0561088320543,0.0188263105708541,0.376526211417082,0.0143462911451746,0.000154835475948198,0.000503652487196497,11.8181944112777,5.06180326433226,0.00989952316838856,7.94221973975696,0.0119269699040817,3,-11.9074451599293,5.33999999999997,TRUE,162,-0.000627956632816541,"contam",0.25,2,"case2",0.1,1,20,1000,2,"RS",2
"CIRG",11.0696397131989,0.00759290663620301,0.15185813272406,0.0595586054086761,0.000142805982495562,0.000191995150953412,11.7072107170846,5.06185739347232,0.00996163783194731,7.32898986669757,0.0119299096374405,2,-11.7922179370169,3.38,TRUE,69,-0.000620816639861084,"contam",0.25,2,"case2",0.1,1,20,1000,3,"RS",2
"CIRG",14.0120693532784,0.0104179132259806,0.208358264519612,0.127923100613418,0.115550062287055,0.000743163342473896,11.9398718343473,4.5558765366028,0.00985191962325882,8.64284640238874,0.01077758487317,4,-12.0430540640214,4.78999999999996,TRUE,86,-0.000248124400869687,"contam",0.25,2,"case2",0.1,1,20,1000,4,"RS",2
"CIRG",14.5340432924527,0.0165190230464479,0.330380460928958,0.560433893314045,0.153374509635781,0.000314320756943884,13.5087513949149,4.395838446845,0.00993723464614947,20.328839141147,0.0104185558724898,5,-13.6219954691804,7.75,TRUE,203,-0.000679332160592194,"contam",0.25,2,"case2",0.1,1,20,1000,5,"RS",2
"CIRG",11.3341083967138,0.0120137241524654,0.240274483049308,0.010850966503078,0.000338813438868834,0.00866356602266462,11.012415348859,5.06097545431964,0.00834234417169615,4.04981553632311,0.0118544724212099,2,-11.1108447276643,2.75,TRUE,50,0.108511447472699,"contam",0.25,2,"case3",0.1,1,20,1000,1,"RS",3
"CIRG",11.7033265943994,0.0206959878955705,0.41391975791141,0.0302809771164219,8.64501895540602,0.00867216649141937,2.78491580196942,40.8962674400023,0.00834077317337102,38.6272715886094,0.0931135666745345,10,-2.84983733922079,4.34999999999997,TRUE,72,0.0917241890335015,"contam",0.25,2,"case3",0.1,1,20,1000,2,"RS",3
"CIRG",10.8397215293857,0.0134081343581426,0.268162687162853,0.0422986231214934,0.0375133935198524,0.000461323652887594,10.7808604490413,4.89509698385404,0.0099079480889352,3.17146393895945,0.0115493332100516,2,-10.8614122670506,6.42000000000002,TRUE,142,0.101908663147038,"contam",0.25,2,"case3",0.1,1,20,1000,3,"RS",3
"CIRG",13.7305482679092,0.0159978864881666,0.319957729763332,0.0225467260879487,8.82972391300792,0.0150373575246884,3.28192347384359,43.2927667714082,0.00721865061638763,32.696399158981,0.0984969156093787,6,-3.35592763579539,3.22000000000003,TRUE,32,0.145180732698329,"contam",0.25,2,"case3",0.1,1,20,1000,4,"RS",3
"CIRG",13.2219618410309,0.0196370545686961,0.392741091373922,0.763216300173777,0.000371798709175061,0.00537734006498014,11.9026425974814,5.06082704404299,0.00895344777317841,8.42533404871361,0.0118818503390171,2,-12.0011414369471,4.38,TRUE,88,0.0932228403963119,"contam",0.25,2,"case3",0.1,1,20,1000,5,"RS",3
"CIRG",13.9282865031641,0.0145049045403003,0.290098090806007,0.0223939749162862,0.111076830676991,0.00544089352496585,13.2289137143244,4.57499232426678,0.00894142461735685,17.8837112032007,0.0107796390399409,2,-13.3546514925396,1.88,TRUE,27,0.116191930849372,"contam",0.25,2,"case4",0.1,1,20,1000,1,"RS",4
"CIRG",14.3700217214577,0.0243340468564708,0.486680937129417,0.00899183747398803,1.28583265040016,0.00270289139581092,14.9438535147387,0.929618678034389,0.00946672734273537,35.3293946046712,0.00253730889997527,2,-15.0750239798504,3.24000000000001,TRUE,61,0.124208496325124,"contam",0.25,2,"case4",0.1,1,20,1000,2,"RS",4
"CIRG",13.6198715007142,0.0100397136669959,0.200794273339918,0.0121061122403921,0.592225380888334,0.00585403816680149,13.8761567863824,2.74821668777083,0.00886346212949807,23.7769050053835,0.00663375494412878,5,-14.0562884255929,8.61000000000001,TRUE,87,0.233239913498418,"contam",0.25,2,"case4",0.1,1,20,1000,3,"RS",4
"CIRG",14.8047178480335,0.0080103670779141,0.160207341558282,0.0334529614331133,0.167564793701199,0.00432294624865107,12.6247902906754,4.33653638843273,0.00915409861453851,13.1391046513743,0.0102485677113912,2,-12.7438650180806,1.77000000000004,TRUE,31,0.117227178407032,"contam",0.25,2,"case4",0.1,1,20,1000,4,"RS",4
"CIRG",16.1693041973554,0.0176348806650644,0.352697613301288,0.902335459575289,0.169855079830212,0.00211762937881285,15.2836591202569,4.32700288890817,0.00958095847842344,39.4843719395882,0.0102463085226228,2,-15.4120903476753,2.74000000000001,TRUE,47,0.100417375197922,"contam",0.25,2,"case4",0.1,1,20,1000,5,"RS",4
"CIRG",12.1516211672623,0.0104651304994471,0.209302609988942,0.0534734641995848,0.115252590247182,0.000815872717344728,12.7856127766501,4.55714650344637,0.00983749110482196,14.3308640947366,0.0107798102620018,3,-12.8953725259648,2.94,TRUE,183,0.000328806240221281,"contam",0.25,2,"case5",0.1,1,20,1000,1,"RS",5
"CIRG",12.258345373549,0.0190240416352795,0.38048083270559,0.0179048117698126,0.381069840115344,0.000207552200550018,12.1089240118565,3.49289994252649,0.00995853263780595,9.66540851149813,0.00837204216617371,2,-12.1992549787204,3.01999999999998,TRUE,54,4.36277197897511e-06,"contam",0.25,2,"case5",0.1,1,20,1000,2,"RS",5
"CIRG",12.1059404107864,0.0131780322480354,0.263560644960708,0.0789466587479625,0.0534737986034471,0.00112524884796437,12.2023064758705,4.82472735342157,0.00977621641537697,10.2547667654021,0.0113837906615173,2,-12.3049121098965,2.73000000000002,TRUE,54,0.00049449030940953,"contam",0.25,2,"case5",0.1,1,20,1000,3,"RS",5
"CIRG",13.9832247834707,0.00961365133753971,0.192273026750794,0.145478809080851,0.270561998665332,0.000360278405765457,12.3944765051766,3.91817480112779,0.00992807411937657,11.5224707441957,0.00933500291046557,5,-12.504292096093,6.53000000000003,TRUE,147,0.00072932710864946,"contam",0.25,2,"case5",0.1,1,20,1000,4,"RS",5
"CIRG",15.5034005373074,0.00888871412187111,0.177774282437422,0.514285638093441,0.285631780936541,0.00035212929040066,13.4064386893995,3.85874250006655,0.00992969813695703,19.4167019234366,0.00920030943946868,5,-13.5225631515504,6.97000000000003,TRUE,216,0.00187829043139379,"contam",0.25,2,"case5",0.1,1,20,1000,5,"RS",5
"CIRG",14.0150333768514,0.0198692175331936,0.397384350663871,0.279540565705314,10.961514253918,0.0111802797596854,2.52254249700659,75.8904805962171,0.00788894270356775,41.9574557030856,0.172445032767094,5,-2.56647079437478,4.19999999999999,TRUE,44,-0.00370420001055211,"contam",0.25,2,"case6",0.1,1,20,1000,1,"RS",6
"CIRG",13.0881399122503,0.0347657492175497,0.695314984350993,0.38257784250207,8.69125256131479,0.000225675970913133,4.81321579915046,41.4897345586443,0.00995491573546122,17.5291619444833,0.0945325008466067,2,-4.84889189403452,12.73,FALSE,300,0.00106453969574118,"contam",0.25,2,"case6",0.1,1,20,1000,2,"RS",6
"CIRG",13.5958476385022,0.0312239173629309,0.624478347258619,0.436707411351897,8.50986640572235,0.000183411496812715,4.86499621253493,39.1859274174913,0.00996335134041462,17.0982563223505,0.0893088309394548,2,-4.9013359820556,13.02,TRUE,297,-0.000104630282577688,"contam",0.25,2,"case6",0.1,1,20,1000,3,"RS",6
"CIRG",15.0479182902972,0.0295870098679752,0.591740197359504,2.22113015931222,8.18023254164605,0.00141201688965196,2.7730496355406,35.1676579979977,0.00971959041376627,38.7749108414411,0.0801860539824786,5,-2.80173071654798,10.89,FALSE,300,-0.00232761918221849,"contam",0.25,2,"case6",0.1,1,20,1000,4,"RS",6
"CIRG",16.4625081000314,0.0358091658340313,0.716183316680626,3.90514195732523,8.96241502152321,7.83800081662989e-05,5.01819070830875,45.0565154211705,0.00998433014179242,15.8548052353988,0.102621773297067,2,-5.05537861169419,14.08,FALSE,300,-2.12595944657137e-05,"contam",0.25,2,"case6",0.1,1,20,1000,5,"RS",6
"CIRG",17.4182170419174,0.00915657614393033,0.183131522878607,0.0361195988339832,0.204342537217347,0.000170057893855076,15.6533648992269,4.18471445503836,0.00996601734091625,44.2672644822641,0.00994112199967503,3,-15.7726537737999,9.09000000000003,FALSE,300,-0.000824296059965469,"contam",0.25,2,"case7",0.1,1,20,1000,1,"RS",7
"CIRG",20.3822990263584,0.0186611713937465,0.37322342787493,0.00206733600526785,0.000279181468249595,5.32555485410358e-05,20.4294112275975,5.06124376133517,0.00998935172644524,130.631441009531,0.0119297750473108,2,-20.5700814364905,5.63999999999999,TRUE,106,0.00100008841579238,"contam",0.25,2,"case7",0.1,1,20,1000,2,"RS",7
"CIRG",23.9848524410986,0.0194902431247611,0.389804862495222,0.0126713047769137,0.000198311926238902,5.11348983148757e-05,23.9778001746035,5.06160763565955,0.00998977563511485,224.334498070353,0.0119306193840405,2,-24.1455584714816,8.95000000000005,TRUE,183,-0.000475857408967166,"contam",0.25,2,"case7",0.1,1,20,1000,3,"RS",7
"CIRG",18.2334388253622,0.0311560006288254,0.623120012576507,0.201998141774261,0.852268278732758,0.00229384466277603,14.7279648455738,1.95365396463669,0.00954649279078174,32.8095812721288,0.0048630018604361,7,-14.8919231306238,12.48,FALSE,300,-0.00235803862037269,"contam",0.25,2,"case7",0.1,1,20,1000,4,"RS",7
"CIRG",21.3135057755969,0.0711870341010102,1.4237406820202,1.12906921758386,5.1668734656907,0.0460535925733826,17.8485873729039,8.50815081485046,0.0029102148742386,78.2974984959148,0.0194248415245697,6,-18.3203220945042,7.96999999999991,TRUE,40,0.000250659062808329,"contam",0.25,2,"case7",0.1,1,20,1000,5,"RS",7
"CIRG",15.3008197838737,0.0121626063453145,0.24325212690629,0.0282401622894727,0.000274278992141319,0.00032400368076777,12.2706873136592,5.06126581976433,0.0099353042422316,10.6973955037315,0.0119273739333537,2,-12.4332001514525,2.65999999999997,TRUE,37,0,"contam",0.25,2,"case8",0.1,1,20,1000,1,"RS",8
"CIRG",16.0063421390724,0.018836249864829,0.376724997296579,0.0124758570436384,0.000126062379094284,0.000247464958188766,11.8252390058341,5.0619327351858,0.00995056824726778,7.98197544008625,0.0119295784583473,2,-11.980195141877,6.32000000000005,TRUE,77,0,"contam",0.25,2,"case8",0.1,1,20,1000,2,"RS",8
"CIRG",17.3633550894752,0.00759290663620301,0.15185813272406,0.0595586054086761,0.000142805982495562,0.000191995150953412,11.7072107170846,5.06185739347232,0.00996163783194731,7.32898986669757,0.0119299096374405,2,-11.8622936181628,3.55999999999995,TRUE,69,0,"contam",0.25,2,"case8",0.1,1,20,1000,3,"RS",8
"CIRG",17.2614739731546,0.0104179132259806,0.208358264519612,0.127923100613418,0.115550062287055,0.000743163342473896,11.9398718343473,4.5558765366028,0.00985191962325882,8.64284640238874,0.01077758487317,4,-12.1527191421479,4.88999999999999,TRUE,86,-0.00224798097870588,"contam",0.25,2,"case8",0.1,1,20,1000,4,"RS",8
"CIRG",19.1916666522718,0.0165190230464479,0.330380460928958,0.560433893314045,0.153374509635781,0.000314320756943884,13.5087513949149,4.395838446845,0.00993723464614947,20.328839141147,0.0104185558724898,5,-13.7124129590817,8,TRUE,203,0.000362582884528886,"contam",0.25,2,"case8",0.1,1,20,1000,5,"RS",8
"CIRG",15.5139568995783,0.0515787817275503,1.03157563455101,0.0442567344454769,3.69446892359463,0.00710879476525897,9.57755492045187,2.08649047123064,0.00862877600996278,0.33356968613817,0.00512259862002244,7,-9.91256427776378,9.45999999999992,TRUE,152,-5.01574285089441e-05,"contam",0.25,2,"case9",0.1,1,20,1000,1,"RS",9
"CIRG",12.5394920405471,0.0115921995054167,0.231843990108333,0.00506225428800148,0.000319780898939099,0.000384736704046947,12.1850024771556,5.0610610882146,0.00992320068152205,10.1442407794876,0.0119263607751588,2,-12.3578331348765,2.63999999999999,TRUE,41,0.000393241701017838,"contam",0.25,2,"case9",0.1,1,20,1000,2,"RS",9
"CIRG",14.3356790756851,0.0105743645682951,0.211487291365902,0.0665404400079118,0.0899758996712412,0.00037532704044088,11.4739674973943,4.66570411400106,0.00992507546229911,6.12051517816324,0.0110299447239162,2,-11.6428701443475,2.54999999999995,TRUE,39,0.00089592996405853,"contam",0.25,2,"case9",0.1,1,20,1000,3,"RS",9
"CIRG",15.5461040604402,0.0420941525236978,0.841883050473956,0.052381088252049,1.7202488427632,0.000409929719844455,10.6090709061801,0.280636288593732,0.00991818209840632,2.58910918111536,0.00108616764299741,6,-10.7915022248816,12.5600000000001,FALSE,300,0.000715660945647983,"contam",0.25,2,"case9",0.1,1,20,1000,4,"RS",9
"CIRG",16.7719980675247,0.0355282010591217,0.710564021182435,0.622091196964028,1.28368190415518,0.000428717347463584,12.3307041857361,0.933770662357155,0.0099144403290713,11.0935903728801,0.00256702827423714,5,-12.5347563505825,10.9499999999999,FALSE,300,0.00137009308688228,"contam",0.25,2,"case9",0.1,1,20,1000,5,"RS",9
